"parent","child","parent_state","child_state","host_switch","rate","group"
275,279,"Unknown","Cairina moschata",FALSE,0.00315522900465632,"No Shift"
279,280,"Cairina moschata","Gallus gallus",TRUE,0.000696999795590976,"Host Shift"
280,281,"Gallus gallus","Sus scrofa",TRUE,0.000290752454718404,"Host Shift"
281,282,"Sus scrofa","Sus scrofa",FALSE,0.0793065598669623,"No Shift"
282,283,"Sus scrofa","Homo sapiens",TRUE,3.8278125568071e-08,"Host Shift"
283,284,"Homo sapiens","Homo sapiens",FALSE,0.000702478096953437,"No Shift"
284,285,"Homo sapiens","Homo sapiens",FALSE,0.0800200146341463,"No Shift"
285,286,"Homo sapiens","Homo sapiens",FALSE,0.000723050299484035,"No Shift"
286,287,"Homo sapiens","Homo sapiens",FALSE,0.000235798006050676,"No Shift"
287,288,"Homo sapiens","Homo sapiens",FALSE,0.000790727215609756,"No Shift"
288,289,"Homo sapiens","Homo sapiens",FALSE,0.000281108327199557,"No Shift"
289,290,"Homo sapiens","Homo sapiens",FALSE,0.000926934707095344,"No Shift"
290,291,"Homo sapiens","Homo sapiens",FALSE,0.0048524385654102,"No Shift"
291,292,"Homo sapiens","Homo sapiens",FALSE,5.13817104502411e-05,"No Shift"
292,293,"Homo sapiens","Homo sapiens",FALSE,0.00127026244248337,"No Shift"
293,294,"Homo sapiens","Homo sapiens",FALSE,0.00293162701596452,"No Shift"
294,295,"Homo sapiens","Homo sapiens",FALSE,0.00111999778935698,"No Shift"
295,296,"Homo sapiens","Homo sapiens",FALSE,0.00099962347383592,"No Shift"
296,297,"Homo sapiens","Homo sapiens",FALSE,0.000216362550005376,"No Shift"
297,298,"Homo sapiens","Homo sapiens",FALSE,0.000152810850232151,"No Shift"
298,299,"Homo sapiens","Homo sapiens",FALSE,0.000858516905501109,"No Shift"
299,300,"Homo sapiens","Homo sapiens",FALSE,0.00553551607760532,"No Shift"
300,301,"Homo sapiens","Homo sapiens",FALSE,0.00831902868736142,"No Shift"
301,547,"Homo sapiens","Homo sapiens",FALSE,0.00298720475609756,"No Shift"
547,268,"Homo sapiens","Homo sapiens",FALSE,3.5526835821929e-08,"No Shift"
547,269,"Homo sapiens","Homo sapiens",FALSE,0.000829181608507761,"No Shift"
301,302,"Homo sapiens","Homo sapiens",FALSE,1.19120377400916e-05,"No Shift"
302,270,"Homo sapiens","Homo sapiens",FALSE,0.00167431843126386,"No Shift"
302,271,"Homo sapiens","Homo sapiens",FALSE,0.00418862717694013,"No Shift"
300,272,"Homo sapiens","Homo sapiens",FALSE,0.000137301890280443,"No Shift"
299,273,"Homo sapiens","Homo sapiens",FALSE,0.00956913860310421,"No Shift"
298,274,"Homo sapiens","Unknown",FALSE,0.00493899784456763,"No Shift"
297,267,"Homo sapiens","Sus scrofa",TRUE,0.000334052009879379,"Host Shift"
296,266,"Homo sapiens","Homo sapiens",FALSE,0.0015798631797561,"No Shift"
295,265,"Homo sapiens","Homo sapiens",FALSE,0.000918441502513082,"No Shift"
294,264,"Homo sapiens","Sus scrofa",TRUE,0.000609326144092441,"Host Shift"
293,263,"Homo sapiens","Homo sapiens",FALSE,0.00087001809724612,"No Shift"
292,262,"Homo sapiens","Sus scrofa",TRUE,0.000630356210711752,"Host Shift"
291,303,"Homo sapiens","Homo sapiens",FALSE,0.00405239600266075,"No Shift"
303,304,"Homo sapiens","Homo sapiens",FALSE,0.00065496955445898,"No Shift"
304,259,"Homo sapiens","Sus scrofa",TRUE,0.000169141622878714,"Host Shift"
304,260,"Homo sapiens","Homo sapiens",FALSE,0.000419306578791574,"No Shift"
303,261,"Homo sapiens","Homo sapiens",FALSE,0.000190244142510732,"No Shift"
290,258,"Homo sapiens","Homo sapiens",FALSE,0.000343163282857366,"No Shift"
289,257,"Homo sapiens","Sus scrofa",TRUE,0.00100919987325942,"Host Shift"
288,305,"Homo sapiens","Homo sapiens",FALSE,0.000325936869920177,"No Shift"
305,306,"Homo sapiens","Homo sapiens",FALSE,0.000298207388891353,"No Shift"
306,307,"Homo sapiens","Homo sapiens",FALSE,0.000285869746050333,"No Shift"
307,308,"Homo sapiens","Sus scrofa",TRUE,0.00334043504545455,"Host Shift"
308,309,"Sus scrofa","Sus scrofa",FALSE,0.000104827315185809,"No Shift"
309,246,"Sus scrofa","Sus scrofa",FALSE,0.0010298335237694,"No Shift"
309,247,"Sus scrofa","Sus scrofa",FALSE,6.59343709024656e-06,"No Shift"
308,245,"Sus scrofa","Sus scrofa",FALSE,0.000357769466609756,"No Shift"
307,310,"Homo sapiens","Homo sapiens",FALSE,9.75533268241685e-06,"No Shift"
310,248,"Homo sapiens","Homo sapiens",FALSE,0.000307250136137472,"No Shift"
310,249,"Homo sapiens","Homo sapiens",FALSE,0.000512824554122838,"No Shift"
306,311,"Homo sapiens","Homo sapiens",FALSE,2.70154804842572e-06,"No Shift"
311,312,"Homo sapiens","Unknown",FALSE,4.6865850138337e-06,"No Shift"
312,251,"Unknown","Unknown",FALSE,0.00051805716135255,"No Shift"
312,252,"Unknown","Unknown",FALSE,0.000585342384017295,"No Shift"
311,250,"Homo sapiens","Homo sapiens",FALSE,8.35217611152993e-05,"No Shift"
305,313,"Homo sapiens","Sus scrofa",TRUE,0.000443129453062084,"Host Shift"
313,314,"Sus scrofa","Sus scrofa",FALSE,3.62220099962306e-05,"No Shift"
314,315,"Sus scrofa","Sus scrofa",FALSE,0.00740325527716186,"No Shift"
315,253,"Sus scrofa","Sus scrofa",FALSE,0.000434145442758537,"No Shift"
315,254,"Sus scrofa","Homo sapiens",TRUE,7.47087151532328e-06,"Host Shift"
314,255,"Sus scrofa","Sus scrofa",FALSE,0.000653377608580931,"No Shift"
313,256,"Sus scrofa","Sus scrofa",FALSE,0.00059504424168288,"No Shift"
287,316,"Homo sapiens","Homo sapiens",FALSE,0.000808982229774723,"No Shift"
316,317,"Homo sapiens","Homo sapiens",FALSE,0.00144060086494457,"No Shift"
317,318,"Homo sapiens","Sus scrofa",TRUE,5.3731709767184e-10,"Host Shift"
318,319,"Sus scrofa","Sus scrofa",FALSE,0.000633097078477827,"No Shift"
319,320,"Sus scrofa","Sus scrofa",FALSE,1.90298565037871e-09,"No Shift"
320,321,"Sus scrofa","Sus scrofa",FALSE,7.02265201915743e-05,"No Shift"
321,322,"Sus scrofa","Sus scrofa",FALSE,0.000193199722416851,"No Shift"
322,323,"Sus scrofa","Sus scrofa",FALSE,0.000658230967740576,"No Shift"
323,324,"Sus scrofa","Sus scrofa",FALSE,9.59935010544501e-06,"No Shift"
324,231,"Sus scrofa","Sus scrofa",FALSE,0.000328889619856344,"No Shift"
324,232,"Sus scrofa","Sus scrofa",FALSE,0.00134714154368071,"No Shift"
323,230,"Sus scrofa","Sus scrofa",FALSE,0.00338014338580931,"No Shift"
322,233,"Sus scrofa","Sus scrofa",FALSE,0.0012962257621286,"No Shift"
321,229,"Sus scrofa","Sus scrofa",FALSE,0.00354967194368071,"No Shift"
320,325,"Sus scrofa","Sus scrofa",FALSE,9.08977240988914e-05,"No Shift"
325,234,"Sus scrofa","Sus scrofa",FALSE,3.61756092908315e-05,"No Shift"
325,235,"Sus scrofa","Sus scrofa",FALSE,0.00359934374878049,"No Shift"
319,228,"Sus scrofa","Sus scrofa",FALSE,0.00400030198447894,"No Shift"
318,236,"Sus scrofa","Sus scrofa",FALSE,0.00103728515831486,"No Shift"
317,326,"Homo sapiens","Homo sapiens",FALSE,0.000585943975753902,"No Shift"
326,226,"Homo sapiens","Homo sapiens",FALSE,0.0031342018691796,"No Shift"
326,227,"Homo sapiens","Homo sapiens",FALSE,0.00070429822822173,"No Shift"
316,327,"Homo sapiens","Homo sapiens",FALSE,0.000171741523080703,"No Shift"
327,328,"Homo sapiens","Homo sapiens",FALSE,9.93310104745011e-05,"No Shift"
328,329,"Homo sapiens","Homo sapiens",FALSE,9.0685930713439e-08,"No Shift"
329,330,"Homo sapiens","Homo sapiens",FALSE,0.00415493917605322,"No Shift"
330,331,"Homo sapiens","Homo sapiens",FALSE,0.000575555959201774,"No Shift"
331,238,"Homo sapiens","Homo sapiens",FALSE,0.00110846906727051,"No Shift"
331,239,"Homo sapiens","Homo sapiens",FALSE,0.00471256464745011,"No Shift"
330,240,"Homo sapiens","Homo sapiens",FALSE,0.000176325004037029,"No Shift"
329,241,"Homo sapiens","Homo sapiens",FALSE,7.34837571367783e-06,"No Shift"
328,237,"Homo sapiens","Sus scrofa",TRUE,0.00112543534204213,"Host Shift"
327,332,"Homo sapiens","Homo sapiens",FALSE,4.53456363194681e-05,"No Shift"
332,333,"Homo sapiens","Homo sapiens",FALSE,0.000662772293161863,"No Shift"
333,242,"Homo sapiens","Sus scrofa",TRUE,0.00122350081100665,"Host Shift"
333,243,"Homo sapiens","Homo sapiens",FALSE,7.74017284263104e-06,"No Shift"
332,244,"Homo sapiens","Homo sapiens",FALSE,9.3124138792816e-05,"No Shift"
286,225,"Homo sapiens","Homo sapiens",FALSE,0.00308202074636364,"No Shift"
285,334,"Homo sapiens","Homo sapiens",FALSE,0.00524724099556541,"No Shift"
334,335,"Homo sapiens","Homo sapiens",FALSE,0.0029272281751663,"No Shift"
335,336,"Homo sapiens","Homo sapiens",FALSE,0.000312098072367406,"No Shift"
336,337,"Homo sapiens","Homo sapiens",FALSE,0.00100409460101996,"No Shift"
337,338,"Homo sapiens","Homo sapiens",FALSE,8.76604087592669e-06,"No Shift"
338,339,"Homo sapiens","Homo sapiens",FALSE,0.000398175457395965,"No Shift"
339,340,"Homo sapiens","Homo sapiens",FALSE,0.00121075290465632,"No Shift"
340,341,"Homo sapiens","Homo sapiens",FALSE,0.000356301573525499,"No Shift"
341,342,"Homo sapiens","Homo sapiens",FALSE,7.6837092545898e-06,"No Shift"
342,343,"Homo sapiens","Homo sapiens",FALSE,0.000294625605988027,"No Shift"
343,204,"Homo sapiens","Homo sapiens",FALSE,5.0720694048337e-10,"No Shift"
343,205,"Homo sapiens","Homo sapiens",FALSE,0.000242315294843326,"No Shift"
342,206,"Homo sapiens","Homo sapiens",FALSE,0.000304474349159645,"No Shift"
341,207,"Homo sapiens","Homo sapiens",FALSE,0.00305151378587583,"No Shift"
340,208,"Homo sapiens","Homo sapiens",FALSE,1.1204562308847e-07,"No Shift"
339,344,"Homo sapiens","Homo sapiens",FALSE,0.000755388528268714,"No Shift"
344,345,"Homo sapiens","Homo sapiens",FALSE,0.00222427931365854,"No Shift"
345,346,"Homo sapiens","Homo sapiens",FALSE,0.000645500525833703,"No Shift"
346,209,"Homo sapiens","Meleagris gallopavo",TRUE,0.00384658933858093,"Host Shift"
346,210,"Homo sapiens","Homo sapiens",FALSE,0.000327826870709534,"No Shift"
345,211,"Homo sapiens","Mustela putorius furo",TRUE,0.00281902736718404,"Host Shift"
344,212,"Homo sapiens","Homo sapiens",FALSE,3.54246560179379e-05,"No Shift"
338,347,"Homo sapiens","Homo sapiens",FALSE,0.000622220843813747,"No Shift"
347,348,"Homo sapiens","Homo sapiens",FALSE,0.0148142900886918,"No Shift"
348,214,"Homo sapiens","Homo sapiens",FALSE,0.00241813094345898,"No Shift"
348,215,"Homo sapiens","Homo sapiens",FALSE,9.04516319210643e-05,"No Shift"
347,213,"Homo sapiens","Homo sapiens",FALSE,2.20772775183427e-05,"No Shift"
337,349,"Homo sapiens","Sus scrofa",TRUE,1.49192507594767e-07,"Host Shift"
349,350,"Sus scrofa","Sus scrofa",FALSE,0.00117461627627494,"No Shift"
350,217,"Sus scrofa","Sus scrofa",FALSE,0.000674920810443459,"No Shift"
350,218,"Sus scrofa","Homo sapiens",TRUE,0.00168821440257206,"Host Shift"
349,216,"Sus scrofa","Sus scrofa",FALSE,0.000453951336441685,"No Shift"
336,219,"Homo sapiens","Homo sapiens",FALSE,5.13111857079319e-08,"No Shift"
335,220,"Homo sapiens","Sus scrofa",TRUE,0.00295429661463415,"Host Shift"
334,351,"Homo sapiens","Homo sapiens",FALSE,0.000361615793880931,"No Shift"
351,352,"Homo sapiens","Homo sapiens",FALSE,1.09611334516439e-09,"No Shift"
352,353,"Homo sapiens","Homo sapiens",FALSE,3.0967669716031e-06,"No Shift"
353,221,"Homo sapiens","Homo sapiens",FALSE,3.22744040191982e-08,"No Shift"
353,222,"Homo sapiens","Homo sapiens",FALSE,6.66701267623958e-05,"No Shift"
352,223,"Homo sapiens","Homo sapiens",FALSE,0.000160622114949113,"No Shift"
351,224,"Homo sapiens","Sus scrofa",TRUE,0.000306940345886474,"Host Shift"
284,354,"Homo sapiens","Homo sapiens",FALSE,0.0088064316496674,"No Shift"
354,355,"Homo sapiens","Homo sapiens",FALSE,0.00118272706258315,"No Shift"
355,356,"Homo sapiens","Homo sapiens",FALSE,1.88061760210495e-05,"No Shift"
356,357,"Homo sapiens","Sus scrofa",TRUE,0.00069633774401243,"Host Shift"
357,198,"Sus scrofa","Sus scrofa",FALSE,3.26085638404656e-05,"No Shift"
357,199,"Sus scrofa","Sus scrofa",FALSE,0.000636094577365854,"No Shift"
356,200,"Homo sapiens","Homo sapiens",FALSE,0.000776908079742794,"No Shift"
355,358,"Homo sapiens","Homo sapiens",FALSE,2.65467087611752e-05,"No Shift"
358,201,"Homo sapiens","Homo sapiens",FALSE,0.000303940647343681,"No Shift"
358,202,"Homo sapiens","Homo sapiens",FALSE,0.00353738169179601,"No Shift"
354,203,"Homo sapiens","Homo sapiens",FALSE,0.00911422411086475,"No Shift"
283,359,"Homo sapiens","Homo sapiens",FALSE,0.000132672471759911,"No Shift"
359,196,"Homo sapiens","Homo sapiens",FALSE,0.00483133255432372,"No Shift"
359,197,"Homo sapiens","Homo sapiens",FALSE,0.00313863655365854,"No Shift"
282,195,"Sus scrofa","Sus scrofa",FALSE,0.00363449678558758,"No Shift"
281,360,"Sus scrofa","Sus scrofa",FALSE,0.000536604483033481,"No Shift"
360,361,"Sus scrofa","Sus scrofa",FALSE,0.000343707698552084,"No Shift"
361,362,"Sus scrofa","Sus scrofa",FALSE,5.64495086822616e-05,"No Shift"
362,363,"Sus scrofa","Sus scrofa",FALSE,0.00069502683248337,"No Shift"
363,364,"Sus scrofa","Sus scrofa",FALSE,0.00129414940201774,"No Shift"
364,365,"Sus scrofa","Sus scrofa",FALSE,6.67392706586231e-05,"No Shift"
365,366,"Sus scrofa","Sus scrofa",FALSE,0.00114847363059867,"No Shift"
366,367,"Sus scrofa","Sus scrofa",FALSE,0.00323376665186253,"No Shift"
367,368,"Sus scrofa","Sus scrofa",FALSE,0.00302000564279379,"No Shift"
368,369,"Sus scrofa","Sus scrofa",FALSE,0.00110931491645293,"No Shift"
369,370,"Sus scrofa","Sus scrofa",FALSE,0.00102814895882483,"No Shift"
370,371,"Sus scrofa","Sus scrofa",FALSE,3.21487300161197e-08,"No Shift"
371,372,"Sus scrofa","Sus scrofa",FALSE,0.000431086450687361,"No Shift"
372,182,"Sus scrofa","Sus scrofa",FALSE,0.00340551248093126,"No Shift"
372,183,"Sus scrofa","Sus scrofa",FALSE,0.00082593709002439,"No Shift"
371,184,"Sus scrofa","Sus scrofa",FALSE,0.00739490949445676,"No Shift"
370,181,"Sus scrofa","Sus scrofa",FALSE,0.000603842529292683,"No Shift"
369,180,"Sus scrofa","Sus scrofa",FALSE,3.37833204900576e-05,"No Shift"
368,185,"Sus scrofa","Sus scrofa",FALSE,0.000117379583261641,"No Shift"
367,373,"Sus scrofa","Sus scrofa",FALSE,0.000680280822152993,"No Shift"
373,374,"Sus scrofa","Sus scrofa",FALSE,0.000242684374552106,"No Shift"
374,178,"Sus scrofa","Sus scrofa",FALSE,0.00149816075005455,"No Shift"
374,179,"Sus scrofa","Sus scrofa",FALSE,0.00260415673348115,"No Shift"
373,177,"Sus scrofa","Sus scrofa",FALSE,0.00124384857249568,"No Shift"
366,375,"Sus scrofa","Sus scrofa",FALSE,0.000684105345644856,"No Shift"
375,175,"Sus scrofa","Sus scrofa",FALSE,0.00056876272578714,"No Shift"
375,176,"Sus scrofa","Sus scrofa",FALSE,6.34225394324058e-05,"No Shift"
365,186,"Sus scrofa","Sus scrofa",FALSE,0.000774788633616408,"No Shift"
364,376,"Sus scrofa","Sus scrofa",FALSE,1.26011557849579e-07,"No Shift"
376,377,"Sus scrofa","Sus scrofa",FALSE,0.0048432447578714,"No Shift"
377,378,"Sus scrofa","Sus scrofa",FALSE,1.03278386694013e-08,"No Shift"
378,171,"Sus scrofa","Sus scrofa",FALSE,0.0011233662818071,"No Shift"
378,172,"Sus scrofa","Sus scrofa",FALSE,0.00277431825011086,"No Shift"
377,173,"Sus scrofa","Sus scrofa",FALSE,0.0756117485587583,"No Shift"
376,174,"Sus scrofa","Sus scrofa",FALSE,0.00055595120172949,"No Shift"
363,379,"Sus scrofa","Sus scrofa",FALSE,0.000485909019911308,"No Shift"
379,380,"Sus scrofa","Sus scrofa",FALSE,7.9764893196918e-12,"No Shift"
380,381,"Sus scrofa","Sus scrofa",FALSE,0.000102171392263858,"No Shift"
381,382,"Sus scrofa","Sus scrofa",FALSE,0.00407947792148559,"No Shift"
382,189,"Sus scrofa","Sus scrofa",FALSE,0.00137658864347118,"No Shift"
382,190,"Sus scrofa","Sus scrofa",FALSE,3.393448793301e-07,"No Shift"
381,191,"Sus scrofa","Sus scrofa",FALSE,0.00163423038115299,"No Shift"
380,192,"Sus scrofa","Sus scrofa",FALSE,0.00660407650997783,"No Shift"
379,383,"Sus scrofa","Sus scrofa",FALSE,0.00124764162383038,"No Shift"
383,187,"Sus scrofa","Sus scrofa",FALSE,0.000622220187359667,"No Shift"
383,188,"Sus scrofa","Sus scrofa",FALSE,0.000570684138360171,"No Shift"
362,193,"Sus scrofa","Sus scrofa",FALSE,0.000314286307006652,"No Shift"
361,194,"Sus scrofa","Sus scrofa",FALSE,0.00286474944900222,"No Shift"
360,384,"Sus scrofa","Sus scrofa",FALSE,3.46900021728758e-05,"No Shift"
384,169,"Sus scrofa","Sus scrofa",FALSE,0.000179654938933925,"No Shift"
384,170,"Sus scrofa","Sus scrofa",FALSE,0.00302061637028825,"No Shift"
280,168,"Gallus gallus","Gallus gallus",FALSE,0.000597455516922395,"No Shift"
279,167,"Cairina moschata","Cairina moschata",FALSE,0.000710484744444767,"No Shift"
275,278,"Unknown","Unknown",FALSE,0.00755495536363636,"No Shift"
278,277,"Unknown","Unknown",FALSE,0.00142600454212417,"No Shift"
277,276,"Unknown","Unknown",FALSE,0.00385476551152993,"No Shift"
276,408,"Unknown","Unknown",FALSE,0.000359964118962554,"No Shift"
408,409,"Unknown","Unknown",FALSE,0.00335129753215078,"No Shift"
409,410,"Unknown","Unknown",FALSE,0.000315531920534368,"No Shift"
410,411,"Unknown","Unknown",FALSE,0.00047863149232816,"No Shift"
411,412,"Unknown","Homo sapiens",FALSE,4.62422391330532e-10,"No Shift"
412,413,"Homo sapiens","Homo sapiens",FALSE,0.00026966641496918,"No Shift"
413,414,"Homo sapiens","Homo sapiens",FALSE,0.000151888071129027,"No Shift"
414,415,"Homo sapiens","Homo sapiens",FALSE,0.000142700247434745,"No Shift"
415,416,"Homo sapiens","Homo sapiens",FALSE,0.000115986927991678,"No Shift"
416,417,"Homo sapiens","Homo sapiens",FALSE,0.000823968402667384,"No Shift"
417,418,"Homo sapiens","Homo sapiens",FALSE,0.00220431926203769,"No Shift"
418,419,"Homo sapiens","Homo sapiens",FALSE,0.00724320013525499,"No Shift"
419,420,"Homo sapiens","Gallus gallus",TRUE,0.0057459173037694,"Host Shift"
420,421,"Gallus gallus","Gallus gallus",FALSE,0.000260469585370823,"No Shift"
421,46,"Gallus gallus","Gallus gallus",FALSE,0.000316339785452106,"No Shift"
421,47,"Gallus gallus","Homo sapiens",TRUE,0.00327884623547672,"Host Shift"
420,45,"Gallus gallus","Gallus gallus",FALSE,0.0035305398983592,"No Shift"
419,48,"Homo sapiens","Homo sapiens",FALSE,0.000494767106962306,"No Shift"
418,44,"Homo sapiens","Unknown",FALSE,0.00293931276674058,"No Shift"
417,422,"Homo sapiens","Homo sapiens",FALSE,0.000864097903932173,"No Shift"
422,423,"Homo sapiens","Homo sapiens",FALSE,0.000834728662203769,"No Shift"
423,424,"Homo sapiens","Homo sapiens",FALSE,0.0261824253880266,"No Shift"
424,50,"Homo sapiens","Passer montanus",TRUE,0.000162389017456186,"Host Shift"
424,51,"Homo sapiens","Homo sapiens",FALSE,0.000811775075259778,"No Shift"
423,49,"Homo sapiens","Homo sapiens",FALSE,0.00341517861197339,"No Shift"
422,52,"Homo sapiens","Homo sapiens",FALSE,0.000495969163506652,"No Shift"
416,425,"Homo sapiens","Homo sapiens",FALSE,0.000880282900399113,"No Shift"
425,426,"Homo sapiens","Homo sapiens",FALSE,0.00428395856629712,"No Shift"
426,42,"Homo sapiens","Homo sapiens",FALSE,0.00327137865343681,"No Shift"
426,43,"Homo sapiens","Homo sapiens",FALSE,1.51393269268514e-07,"No Shift"
425,41,"Homo sapiens","Homo sapiens",FALSE,0.000629756332407982,"No Shift"
415,53,"Homo sapiens","Homo sapiens",FALSE,0.000489850743569845,"No Shift"
414,427,"Homo sapiens","Homo sapiens",FALSE,0.000440643972756098,"No Shift"
427,428,"Homo sapiens","Homo sapiens",FALSE,1.95517863530288e-05,"No Shift"
428,429,"Homo sapiens","Homo sapiens",FALSE,0.00145297897209264,"No Shift"
429,54,"Homo sapiens","Homo sapiens",FALSE,0.00423252489356984,"No Shift"
429,55,"Homo sapiens","Homo sapiens",FALSE,0.000689149575727196,"No Shift"
428,430,"Homo sapiens","Homo sapiens",FALSE,0.000253611255240244,"No Shift"
430,56,"Homo sapiens","Homo sapiens",FALSE,0.000506614866414634,"No Shift"
430,57,"Homo sapiens","Homo sapiens",FALSE,6.2654987175388e-08,"No Shift"
427,58,"Homo sapiens","Homo sapiens",FALSE,0.00567955312416851,"No Shift"
413,59,"Homo sapiens","Anas platyrhynchos",TRUE,0.00408958735476718,"Host Shift"
412,431,"Homo sapiens","Homo sapiens",FALSE,0.00711686796452328,"No Shift"
431,432,"Homo sapiens","Homo sapiens",FALSE,0.00173601178394678,"No Shift"
432,433,"Homo sapiens","Homo sapiens",FALSE,0.000991165465654102,"No Shift"
433,434,"Homo sapiens","Homo sapiens",FALSE,0.000276283220905353,"No Shift"
434,435,"Homo sapiens","Homo sapiens",FALSE,0.00439789419290466,"No Shift"
435,436,"Homo sapiens","Homo sapiens",FALSE,0.00552923806208426,"No Shift"
436,437,"Homo sapiens","Homo sapiens",FALSE,0.0186628664966741,"No Shift"
437,438,"Homo sapiens","Homo sapiens",FALSE,0.000143216363946785,"No Shift"
438,29,"Homo sapiens","Homo sapiens",FALSE,0.000333264320612195,"No Shift"
438,30,"Homo sapiens","Homo sapiens",FALSE,0.00378456584900222,"No Shift"
437,439,"Homo sapiens","Homo sapiens",FALSE,0.000142588783892395,"No Shift"
439,31,"Homo sapiens","Homo sapiens",FALSE,0.00589950750288248,"No Shift"
439,32,"Homo sapiens","Homo sapiens",FALSE,0.0101075147006652,"No Shift"
436,28,"Homo sapiens","Homo sapiens",FALSE,0.000774555055432372,"No Shift"
435,440,"Homo sapiens","Unknown",FALSE,0.00597979939911308,"No Shift"
440,33,"Unknown","Gallus gallus",FALSE,9.94896091670732e-06,"No Shift"
440,34,"Unknown","Unknown",FALSE,0.000397490639605322,"No Shift"
434,441,"Homo sapiens","Homo sapiens",FALSE,0.000767091230421286,"No Shift"
441,26,"Homo sapiens","Homo sapiens",FALSE,0.00855131645232816,"No Shift"
441,27,"Homo sapiens","Homo sapiens",FALSE,0.000518829400107095,"No Shift"
433,35,"Homo sapiens","Homo sapiens",FALSE,0.000994969381463415,"No Shift"
432,442,"Homo sapiens","Mustela lutreola",TRUE,0.000405874007855876,"Host Shift"
442,443,"Mustela lutreola","Panthera tigris",TRUE,0.00064916088345898,"Host Shift"
443,444,"Panthera tigris","Phasianinae",TRUE,0.000426598645277162,"Host Shift"
444,36,"Phasianinae","Phasianinae",FALSE,2.47027575902683e-07,"No Shift"
444,37,"Phasianinae","Phasianinae",FALSE,0.000711603622172949,"No Shift"
443,38,"Panthera tigris","Panthera tigris",FALSE,7.22654560784701e-11,"No Shift"
442,39,"Mustela lutreola","Mustela lutreola",FALSE,0.000395347853427938,"No Shift"
431,40,"Homo sapiens","Anatidae",TRUE,0.00142603310414479,"Host Shift"
411,445,"Unknown","Unknown",FALSE,0.000340961956804584,"No Shift"
445,446,"Unknown","Unknown",FALSE,0.00114452727809313,"No Shift"
446,447,"Unknown","Accipitriformes",FALSE,0.000962740859230599,"No Shift"
447,63,"Accipitriformes","Accipitriformes",FALSE,0.000124852766292304,"No Shift"
447,64,"Accipitriformes","Aves",TRUE,0.000284195080643016,"Host Shift"
446,62,"Unknown","Unknown",FALSE,0.000385451168468071,"No Shift"
445,448,"Unknown","Anatidae",FALSE,0.00259077092594235,"No Shift"
448,60,"Anatidae","Arenaria interpres",TRUE,0.00169353385172949,"Host Shift"
448,61,"Anatidae","Anatidae",FALSE,0.00323896903192905,"No Shift"
410,65,"Unknown","Unknown",FALSE,0.00025505269259051,"No Shift"
409,449,"Unknown","Sus scrofa",FALSE,0.000734774173902439,"No Shift"
449,450,"Sus scrofa","Sus scrofa",FALSE,0.000101560721690909,"No Shift"
450,451,"Sus scrofa","Sus scrofa",FALSE,0.00078290803537051,"No Shift"
451,452,"Sus scrofa","Sus scrofa",FALSE,0.000192595430055698,"No Shift"
452,453,"Sus scrofa","Sus scrofa",FALSE,0.000167687352597982,"No Shift"
453,454,"Sus scrofa","Sus scrofa",FALSE,0.000546245202283902,"No Shift"
454,455,"Sus scrofa","Sus scrofa",FALSE,9.78539517035632e-05,"No Shift"
455,456,"Sus scrofa","Sus scrofa",FALSE,0.00739138606651885,"No Shift"
456,457,"Sus scrofa","Sus scrofa",FALSE,0.00195300030665188,"No Shift"
457,458,"Sus scrofa","Sus scrofa",FALSE,0.00125195496044346,"No Shift"
458,459,"Sus scrofa","Sus scrofa",FALSE,0.00349351359179601,"No Shift"
459,460,"Sus scrofa","Sus scrofa",FALSE,0.000372643132084479,"No Shift"
460,18,"Sus scrofa","Sus scrofa",FALSE,0.000905952740718404,"No Shift"
460,19,"Sus scrofa","Sus scrofa",FALSE,8.28622430125499e-07,"No Shift"
459,17,"Sus scrofa","Sus scrofa",FALSE,0.00453257076718404,"No Shift"
458,20,"Sus scrofa","Sus scrofa",FALSE,0.00131593013702882,"No Shift"
457,21,"Sus scrofa","Sus scrofa",FALSE,0.000691633851127051,"No Shift"
456,16,"Sus scrofa","Sus scrofa",FALSE,0.000384809486251885,"No Shift"
455,15,"Sus scrofa","Sus scrofa",FALSE,0.00063535976534663,"No Shift"
454,461,"Sus scrofa","Sus scrofa",FALSE,0.000422564770421286,"No Shift"
461,462,"Sus scrofa","Sus scrofa",FALSE,0.0018687248945898,"No Shift"
462,463,"Sus scrofa","Sus scrofa",FALSE,0.000844544058891353,"No Shift"
463,23,"Sus scrofa","Sus scrofa",FALSE,0.000267526995012945,"No Shift"
463,24,"Sus scrofa","Sus scrofa",FALSE,0.00043905624018847,"No Shift"
462,25,"Sus scrofa","Sus scrofa",FALSE,0.0002797304532949,"No Shift"
461,22,"Sus scrofa","Sus scrofa",FALSE,0.00233574791108647,"No Shift"
453,464,"Sus scrofa","Sus scrofa",FALSE,3.61643231644568e-06,"No Shift"
464,465,"Sus scrofa","Sus scrofa",FALSE,0.00164517789215965,"No Shift"
465,466,"Sus scrofa","Sus scrofa",FALSE,0.000764398929490022,"No Shift"
466,11,"Sus scrofa","Sus scrofa",FALSE,4.71411381190111e-08,"No Shift"
466,12,"Sus scrofa","Sus scrofa",FALSE,0.00669170883370288,"No Shift"
465,13,"Sus scrofa","Sus scrofa",FALSE,1.9447556700355e-09,"No Shift"
464,14,"Sus scrofa","Sus scrofa",FALSE,0.00111543471177384,"No Shift"
452,10,"Sus scrofa","Sus scrofa",FALSE,3.53458505911242e-05,"No Shift"
451,9,"Sus scrofa","Sus scrofa",FALSE,0.000179928027480931,"No Shift"
450,8,"Sus scrofa","Sus scrofa",FALSE,0.000692408340634146,"No Shift"
449,467,"Sus scrofa","Sus scrofa",FALSE,0.000273670588461197,"No Shift"
467,468,"Sus scrofa","Mus musculus",TRUE,0.00118153645920177,"Host Shift"
468,469,"Mus musculus","Mus musculus",FALSE,0.000199586526527534,"No Shift"
469,470,"Mus musculus","Homo sapiens",TRUE,0.000781645996975832,"Host Shift"
470,5,"Homo sapiens","Homo sapiens",FALSE,8.50398308913988e-06,"No Shift"
470,6,"Homo sapiens","Homo sapiens",FALSE,8.35650206110193e-07,"No Shift"
469,7,"Mus musculus","Mus musculus",FALSE,0.000491721337297118,"No Shift"
468,471,"Mus musculus","Mus musculus",FALSE,0.000217386971695765,"No Shift"
471,3,"Mus musculus","Unknown",FALSE,1.4277468843459e-05,"No Shift"
471,4,"Mus musculus","Mus musculus",FALSE,0.000630222449090909,"No Shift"
467,472,"Sus scrofa","Sus scrofa",FALSE,0.000419529666758315,"No Shift"
472,1,"Sus scrofa","Sus scrofa",FALSE,1.45380971169002e-05,"No Shift"
472,2,"Sus scrofa","Sus scrofa",FALSE,3.77203700603991e-05,"No Shift"
408,473,"Unknown","Unknown",FALSE,4.42447809862528e-05,"No Shift"
473,474,"Unknown","Unknown",FALSE,0.000360065024692506,"No Shift"
474,475,"Unknown","Unknown",FALSE,0.00111087677804878,"No Shift"
475,476,"Unknown","Unknown",FALSE,3.69440195315432e-08,"No Shift"
476,477,"Unknown","Unknown",FALSE,0.00228017478160754,"No Shift"
477,478,"Unknown","Unknown",FALSE,0.000559093163303769,"No Shift"
478,479,"Unknown","Unknown",FALSE,1.90349132910931e-11,"No Shift"
479,480,"Unknown","Unknown",FALSE,0.0015477251886918,"No Shift"
480,481,"Unknown","Unknown",FALSE,4.68932238471663e-05,"No Shift"
481,482,"Unknown","Unknown",FALSE,0.000836420254906874,"No Shift"
482,483,"Unknown","Unknown",FALSE,0.000790063214769401,"No Shift"
483,484,"Unknown","Gallus gallus",FALSE,6.40713071858093e-12,"No Shift"
484,485,"Gallus gallus","Homo sapiens",TRUE,0.00289694784700665,"Host Shift"
485,486,"Homo sapiens","Homo sapiens",FALSE,0.000349875896086474,"No Shift"
486,487,"Homo sapiens","Homo sapiens",FALSE,0.000411026703957206,"No Shift"
487,488,"Homo sapiens","Homo sapiens",FALSE,0.000889529065553193,"No Shift"
488,489,"Homo sapiens","Homo sapiens",FALSE,0.000565618190725277,"No Shift"
489,490,"Homo sapiens","Homo sapiens",FALSE,0.000587096682283814,"No Shift"
490,491,"Homo sapiens","Homo sapiens",FALSE,0.000747788113259424,"No Shift"
491,492,"Homo sapiens","Homo sapiens",FALSE,0.0068494144767184,"No Shift"
492,493,"Homo sapiens","Gallus gallus",TRUE,0.00595857425498891,"Host Shift"
493,66,"Gallus gallus","Gallus gallus",FALSE,0.000374288894492239,"No Shift"
493,67,"Gallus gallus","Gallus gallus",FALSE,1.27524867968847e-07,"No Shift"
492,68,"Homo sapiens","Homo sapiens",FALSE,5.20252085807982e-08,"No Shift"
491,69,"Homo sapiens","Homo sapiens",FALSE,5.18562421417022e-05,"No Shift"
490,494,"Homo sapiens","Unknown",FALSE,0.00159229833015521,"No Shift"
494,495,"Unknown","Unknown",FALSE,0.000665784870066519,"No Shift"
495,70,"Unknown","Homo sapiens",FALSE,7.50171635195965e-05,"No Shift"
495,71,"Unknown","Unknown",FALSE,0.00290712344656319,"No Shift"
494,72,"Unknown","Unknown",FALSE,0.00101151808935698,"No Shift"
489,496,"Homo sapiens","Homo sapiens",FALSE,0.00139016281064302,"No Shift"
496,73,"Homo sapiens","Homo sapiens",FALSE,0.00036218136162306,"No Shift"
496,74,"Homo sapiens","Unknown",FALSE,0.000247888056784812,"No Shift"
488,497,"Homo sapiens","Gallus gallus",TRUE,0.000289080345529047,"Host Shift"
497,498,"Gallus gallus","Gallus gallus",FALSE,1.25367861231619e-05,"No Shift"
498,75,"Gallus gallus","Homo sapiens",TRUE,7.23358940484701e-05,"Host Shift"
498,76,"Gallus gallus","Gallus gallus",FALSE,0.000611246185909776,"No Shift"
497,499,"Gallus gallus","Gallus gallus",FALSE,0.000164728056250776,"No Shift"
499,77,"Gallus gallus","Gallus gallus",FALSE,0.000660806765544124,"No Shift"
499,78,"Gallus gallus","Gallus gallus",FALSE,0.000785723955986696,"No Shift"
487,79,"Homo sapiens","Anatidae",TRUE,0.00396311790022173,"Host Shift"
486,500,"Homo sapiens","Homo sapiens",FALSE,0.00158581434634146,"No Shift"
500,501,"Homo sapiens","Homo sapiens",FALSE,0.000973541813968958,"No Shift"
501,80,"Homo sapiens","Homo sapiens",FALSE,0.000776256262372506,"No Shift"
501,81,"Homo sapiens","Homo sapiens",FALSE,0.00758268950997783,"No Shift"
500,82,"Homo sapiens","Gallus gallus",TRUE,0.00423245736651885,"Host Shift"
485,83,"Homo sapiens","Homo sapiens",FALSE,1.15108739432927e-05,"No Shift"
484,84,"Gallus gallus","Gallus gallus",FALSE,0.00133205995383592,"No Shift"
483,502,"Unknown","Unknown",FALSE,0.000440102255317073,"No Shift"
502,503,"Unknown","Gallus gallus",FALSE,0.00139334276481153,"No Shift"
503,504,"Gallus gallus","Gallus gallus",FALSE,4.43468664549889e-09,"No Shift"
504,85,"Gallus gallus","Unknown",FALSE,2.81215108005987e-09,"No Shift"
504,86,"Gallus gallus","Gallus gallus",FALSE,0.00246350175609756,"No Shift"
503,87,"Gallus gallus","Gallus gallus",FALSE,2.01564369046563e-06,"No Shift"
502,505,"Unknown","Unknown",FALSE,0.000580751367605322,"No Shift"
505,88,"Unknown","Unknown",FALSE,0.000336857988114634,"No Shift"
505,89,"Unknown","Homo sapiens",FALSE,0.00026323771062816,"No Shift"
482,90,"Unknown","Unknown",FALSE,3.58114592983038e-05,"No Shift"
481,506,"Unknown","Unknown",FALSE,0.00155696835866962,"No Shift"
506,507,"Unknown","Unknown",FALSE,0.000168227941602772,"No Shift"
507,508,"Unknown","Unknown",FALSE,0.00204927570886918,"No Shift"
508,92,"Unknown","Unknown",FALSE,5.07196883629712e-09,"No Shift"
508,93,"Unknown","Psittacidae",FALSE,0.000863377165498891,"No Shift"
507,94,"Unknown","Unknown",FALSE,0.000252504436119734,"No Shift"
506,91,"Unknown","Unknown",FALSE,0.000422639194657118,"No Shift"
480,95,"Unknown","Sus scrofa",FALSE,4.08132755422023e-06,"No Shift"
479,509,"Unknown","Unknown",FALSE,0.000581695346084257,"No Shift"
509,510,"Unknown","Unknown",FALSE,0.000317379491290466,"No Shift"
510,511,"Unknown","Unknown",FALSE,0.00780881466075388,"No Shift"
511,512,"Unknown","Unknown",FALSE,0.000961916454727677,"No Shift"
512,513,"Unknown","Unknown",FALSE,0.000409352628051921,"No Shift"
513,100,"Unknown","Unknown",FALSE,4.8391495454235e-09,"No Shift"
513,101,"Unknown","Unknown",FALSE,0.000290630142126696,"No Shift"
512,99,"Unknown","Unknown",FALSE,0.000562547939888692,"No Shift"
511,102,"Unknown","Unknown",FALSE,0.00128290161685144,"No Shift"
510,514,"Unknown","Homo sapiens",FALSE,0.00298921243858093,"No Shift"
514,515,"Homo sapiens","Sus scrofa",TRUE,0.000122386201895942,"Host Shift"
515,96,"Sus scrofa","Sus scrofa",FALSE,0.000336546999655432,"No Shift"
515,97,"Sus scrofa","Gallus gallus",TRUE,7.9313540592816e-05,"Host Shift"
514,98,"Homo sapiens","Homo sapiens",FALSE,0.000227738983764967,"No Shift"
509,516,"Unknown","Unknown",FALSE,0.000478105500968736,"No Shift"
516,517,"Unknown","Anatidae",FALSE,0.00425662760864745,"No Shift"
517,103,"Anatidae","Anatidae",FALSE,0.00106506208521064,"No Shift"
517,104,"Anatidae","Columbidae",TRUE,0.000326840575274945,"Host Shift"
516,518,"Unknown","Unknown",FALSE,1.78384214922816e-05,"No Shift"
518,105,"Unknown","Anatidae",FALSE,5.02264653707539e-05,"No Shift"
518,106,"Unknown","Unknown",FALSE,0.00044443694337694,"No Shift"
478,519,"Unknown","Unknown",FALSE,0.000751972073308204,"No Shift"
519,107,"Unknown","Unknown",FALSE,0.00312708845121951,"No Shift"
519,108,"Unknown","Unknown",FALSE,0.00324432207144124,"No Shift"
477,520,"Unknown","Unknown",FALSE,9.96815340517073e-07,"No Shift"
520,109,"Unknown","Unknown",FALSE,1.3315476224381e-05,"No Shift"
520,110,"Unknown","Unknown",FALSE,0.000186602216994106,"No Shift"
476,521,"Unknown","Unknown",FALSE,0.000457206553215078,"No Shift"
521,522,"Unknown","Unknown",FALSE,0.000840620573955654,"No Shift"
522,523,"Unknown","Unknown",FALSE,0.000452999586214584,"No Shift"
523,113,"Unknown","Unknown",FALSE,0.000383380669312639,"No Shift"
523,114,"Unknown","Unknown",FALSE,0.000835266283157428,"No Shift"
522,524,"Unknown","Gallus gallus",FALSE,0.000814448245898004,"No Shift"
524,115,"Gallus gallus","Gallus gallus",FALSE,0.00116004151824313,"No Shift"
524,116,"Gallus gallus","Sus scrofa",TRUE,0.000358195589556541,"Host Shift"
521,525,"Unknown","Unknown",FALSE,0.000345282420687361,"No Shift"
525,111,"Unknown","Unknown",FALSE,0.000412576346664612,"No Shift"
525,112,"Unknown","Gallus gallus",FALSE,0.000658973351523503,"No Shift"
475,526,"Unknown","Unknown",FALSE,3.72491830858093e-09,"No Shift"
526,117,"Unknown","Unknown",FALSE,7.82368485609756e-07,"No Shift"
526,118,"Unknown","Unknown",FALSE,5.69436018869659e-07,"No Shift"
474,119,"Unknown","Suricata suricatta",FALSE,0.000841712047406364,"No Shift"
473,527,"Unknown","Unknown",FALSE,9.28215152323725e-05,"No Shift"
527,528,"Unknown","Gallus gallus",FALSE,4.15247881476497e-05,"No Shift"
528,529,"Gallus gallus","Homo sapiens",TRUE,0.00113500447567627,"Host Shift"
529,530,"Homo sapiens","Anatidae",TRUE,1.88836695738359e-06,"Host Shift"
530,123,"Anatidae","Anatidae",FALSE,0.000601077094054102,"No Shift"
530,124,"Anatidae","Sus scrofa",TRUE,0.000847902455882483,"Host Shift"
529,531,"Homo sapiens","Homo sapiens",FALSE,0.000325865985568286,"No Shift"
531,125,"Homo sapiens","Homo sapiens",FALSE,0.00021933096532816,"No Shift"
531,126,"Homo sapiens","Homo sapiens",FALSE,0.000124775282033703,"No Shift"
528,127,"Gallus gallus","Gallus gallus",FALSE,0.000627114791226164,"No Shift"
527,532,"Unknown","Anas carolinensis",FALSE,0.000859336680931264,"No Shift"
532,533,"Anas carolinensis","Mareca americana",TRUE,0.00254913214906874,"Host Shift"
533,120,"Mareca americana","Mareca americana",FALSE,0.000197970173010643,"No Shift"
533,121,"Mareca americana","Mareca americana",FALSE,0.000232255334236725,"No Shift"
532,122,"Anas carolinensis","Anas carolinensis",FALSE,1.08605898728829e-12,"No Shift"
276,534,"Unknown","Unknown",FALSE,0.0014086029591796,"No Shift"
534,535,"Unknown","Meleagris gallopavo",FALSE,9.23964579617517e-05,"No Shift"
535,536,"Meleagris gallopavo","Meleagris gallopavo",FALSE,0.000214028413050054,"No Shift"
536,537,"Meleagris gallopavo","Meleagris gallopavo",FALSE,0.000540274938136164,"No Shift"
537,538,"Meleagris gallopavo","Meleagris gallopavo",FALSE,0.000236096154876386,"No Shift"
538,539,"Meleagris gallopavo","Meleagris gallopavo",FALSE,0.000300799752895787,"No Shift"
539,540,"Meleagris gallopavo","Meleagris gallopavo",FALSE,8.09247008670732e-05,"No Shift"
540,541,"Meleagris gallopavo","Meleagris gallopavo",FALSE,0.00261106854146341,"No Shift"
541,542,"Meleagris gallopavo","Meleagris gallopavo",FALSE,0.000164426971287805,"No Shift"
542,131,"Meleagris gallopavo","Meleagris gallopavo",FALSE,0.000147853624103326,"No Shift"
542,132,"Meleagris gallopavo","Meleagris gallopavo",FALSE,2.98986910121951e-05,"No Shift"
541,133,"Meleagris gallopavo","Spatula clypeata",TRUE,0.00042913042256031,"Host Shift"
540,543,"Meleagris gallopavo","Numididae sp.",TRUE,2.09173583361669e-08,"Host Shift"
543,544,"Numididae sp.","Gallus gallus",TRUE,0.000491154081359202,"Host Shift"
544,134,"Gallus gallus","Gallus gallus",FALSE,2.06948764909967e-05,"No Shift"
544,135,"Gallus gallus","Gallus gallus",FALSE,0.00158465549075388,"No Shift"
543,136,"Numididae sp.","Numididae sp.",FALSE,5.88370493586253e-09,"No Shift"
539,137,"Meleagris gallopavo","Spatula discors",TRUE,0.000760580620731707,"Host Shift"
538,138,"Meleagris gallopavo","Anas cyanoptera",TRUE,0.000194454897321477,"Host Shift"
537,139,"Meleagris gallopavo","Meleagris gallopavo",FALSE,0.000486772420310421,"No Shift"
536,130,"Meleagris gallopavo","Meleagris gallopavo",FALSE,5.19592147813747e-05,"No Shift"
535,545,"Meleagris gallopavo","Anas carolinensis",TRUE,0.000448231141529933,"Host Shift"
545,140,"Anas carolinensis","Spatula clypeata",TRUE,0.000164894051689579,"Host Shift"
545,141,"Anas carolinensis","Anas carolinensis",FALSE,0.000452149180923171,"No Shift"
534,546,"Unknown","Anatidae",FALSE,0.000647096221909091,"No Shift"
546,128,"Anatidae","Anatidae",FALSE,4.68962892130599e-07,"No Shift"
546,129,"Anatidae","Numididae",TRUE,0.000401568605810643,"Host Shift"
277,406,"Unknown","Unknown",FALSE,0.000225971872629093,"No Shift"
406,407,"Unknown","Anatidae",FALSE,0.0015179916562439,"No Shift"
407,142,"Anatidae","Anatidae",FALSE,0.000807636984356985,"No Shift"
407,143,"Anatidae","Anatidae",FALSE,0.000147908868924612,"No Shift"
406,144,"Unknown","Unknown",FALSE,0.00224453109297118,"No Shift"
278,385,"Unknown","Homo sapiens",FALSE,0.000323072007725499,"No Shift"
385,386,"Homo sapiens","Homo sapiens",FALSE,0.000684189069172949,"No Shift"
386,387,"Homo sapiens","Homo sapiens",FALSE,0.000189676264651885,"No Shift"
387,388,"Homo sapiens","Unknown",FALSE,0.00323689411944568,"No Shift"
388,389,"Unknown","Unknown",FALSE,0.00133770334002217,"No Shift"
389,390,"Unknown","Unknown",FALSE,0.000279459406674058,"No Shift"
390,391,"Unknown","Unknown",FALSE,0.000143992901115809,"No Shift"
391,392,"Unknown","Unknown",FALSE,0.000675903671048781,"No Shift"
392,159,"Unknown","Cygnus olor",FALSE,3.79087812641685e-10,"No Shift"
392,160,"Unknown","Unknown",FALSE,0.000198431881334302,"No Shift"
391,158,"Unknown","Anatidae",FALSE,0.000618085320922395,"No Shift"
390,393,"Unknown","Unknown",FALSE,0.000559057630232514,"No Shift"
393,394,"Unknown","Unknown",FALSE,0.000843471655856452,"No Shift"
394,161,"Unknown","Unknown",FALSE,0.000564845247472284,"No Shift"
394,162,"Unknown","Gallus gallus",FALSE,0.000608435593354767,"No Shift"
393,163,"Unknown","Unknown",FALSE,0.000276739723820399,"No Shift"
389,164,"Unknown","Cygnus olor",FALSE,1.24162619135255e-07,"No Shift"
388,395,"Unknown","Unknown",FALSE,0.000797173969015299,"No Shift"
395,165,"Unknown","Unknown",FALSE,0.00400419187605322,"No Shift"
395,166,"Unknown","Unknown",FALSE,0.000278213941903203,"No Shift"
387,396,"Homo sapiens","Homo sapiens",FALSE,0.000164976930091144,"No Shift"
396,397,"Homo sapiens","Homo sapiens",FALSE,0.00104723382155798,"No Shift"
397,156,"Homo sapiens","Homo sapiens",FALSE,0.000297257015570016,"No Shift"
397,157,"Homo sapiens","Homo sapiens",FALSE,0.000658451522026164,"No Shift"
396,155,"Homo sapiens","Homo sapiens",FALSE,0.000958001754545455,"No Shift"
386,398,"Homo sapiens","Homo sapiens",FALSE,2.1409557041643e-06,"No Shift"
398,399,"Homo sapiens","Homo sapiens",FALSE,1.52355470226164e-10,"No Shift"
399,400,"Homo sapiens","Homo sapiens",FALSE,0.000264430363985098,"No Shift"
400,152,"Homo sapiens","Homo sapiens",FALSE,2.94169627531929e-08,"No Shift"
400,153,"Homo sapiens","Homo sapiens",FALSE,1.56581043144124e-06,"No Shift"
399,154,"Homo sapiens","Homo sapiens",FALSE,0.000283442824933247,"No Shift"
398,151,"Homo sapiens","Homo sapiens",FALSE,0.000779732838913526,"No Shift"
385,401,"Homo sapiens","Anas platyrhynchos",TRUE,0.000364032482981495,"Host Shift"
401,402,"Anas platyrhynchos","Anas platyrhynchos",FALSE,0.0012806292886918,"No Shift"
402,403,"Anas platyrhynchos","Mustela lutreola",TRUE,0.00174770490133038,"Host Shift"
403,404,"Mustela lutreola","Panthera tigris",TRUE,0.000257169393813747,"Host Shift"
404,405,"Panthera tigris","Panthera tigris",FALSE,0.000266310402754545,"No Shift"
405,145,"Panthera tigris","Gallus gallus",TRUE,0.0761994764966741,"Host Shift"
405,146,"Panthera tigris","Panthera tigris",FALSE,1.748727666949e-12,"No Shift"
404,147,"Panthera tigris","Panthera tigris",FALSE,0.000813626581552328,"No Shift"
403,148,"Mustela lutreola","Mustela lutreola",FALSE,0.000276513914631929,"No Shift"
402,149,"Anas platyrhynchos","Anas platyrhynchos",FALSE,0.000146996244474501,"No Shift"
401,150,"Anas platyrhynchos","Anas platyrhynchos",FALSE,0.00183486239262633,"No Shift"
