protein,site_idx,orig_pos,cramers_v,is_fast,is_slow,n_symbols,n_taxa,p_strain_perm,significant_strain_perm
PB2_polymerase,1,5,0.11578098085756529,False,False,2,250,0.568,False
PB2_polymerase,2,13,0.0660946589143773,False,False,2,252,0.895,False
PB2_polymerase,3,22,0.11291148738752733,False,False,2,252,0.737,False
PB2_polymerase,4,33,0.10706000620203786,True,False,2,252,0.419,False
PB2_polymerase,5,79,,False,False,1,252,,False
PB2_polymerase,6,92,0.10706000620203786,False,False,2,252,0.401,False
PB2_polymerase,7,105,0.4116497675047863,False,False,2,252,0.001,True
PB2_polymerase,8,121,0.07115548732047507,False,False,2,252,0.517,False
PB2_polymerase,9,127,,False,False,1,252,,False
PB2_polymerase,10,147,0.48515454764875265,False,False,2,252,0.001,True
PB2_polymerase,11,251,0.046275886128853014,False,False,2,252,0.882,False
PB2_polymerase,12,301,0.11291148738752733,False,False,2,252,0.731,False
PB2_polymerase,13,302,0.11291148738752733,False,False,2,252,0.739,False
PB2_polymerase,14,324,0.0660946589143773,False,False,2,252,1.0,False
PB2_polymerase,15,327,0.10995337006996915,False,False,3,252,0.64,False
PB2_polymerase,16,334,0.1144467628965037,False,False,2,252,0.856,False
PB2_polymerase,17,339,0.2518948223543096,False,False,2,252,0.959,False
PB2_polymerase,18,481,0.06262046457573614,False,False,2,252,1.0,False
PB2_polymerase,19,512,0.10706000620203786,False,False,2,252,0.413,False
PB2_polymerase,20,514,0.10706000620203786,True,False,2,252,0.412,False
PB2_polymerase,21,519,0.08873565094161137,False,False,2,252,0.49,False
PB2_polymerase,22,540,0.10698669938900746,False,False,2,251,0.415,False
PB2_polymerase,23,589,0.5532749928728721,False,False,2,251,0.001,True
PB2_polymerase,24,630,0.12675095873203385,False,False,2,251,0.281,False
PB2_polymerase,25,641,0.19623471791741906,False,False,2,251,0.102,False
PB2_polymerase,26,650,0.20387111287887244,False,False,2,251,0.882,False
PB2_polymerase,27,652,0.06299407883487121,False,False,2,251,1.0,False
PB2_polymerase,28,653,,False,False,1,251,,False
PB2_polymerase,29,659,0.0901234293611982,False,False,2,251,0.665,False
PB2_polymerase,30,666,0.10698669938900746,False,False,2,251,0.42,False
PB2_polymerase,31,676,0.06299407883487121,False,False,2,251,1.0,False
PB2_polymerase,32,684,,False,False,1,251,,False
PB2_polymerase,33,699,0.14754102853677153,False,False,2,251,0.071,False
PB2_polymerase,34,709,0.15309310892394862,False,False,2,250,0.137,False
PB2_polymerase,35,715,,False,False,1,250,,False
PB2_polymerase,36,718,,False,False,1,250,,False
PB2_polymerase,37,740,0.5931928882670315,False,False,2,250,0.001,True
PB2_polymerase,38,741,0.12497188167774571,True,False,2,250,0.216,False
PB2_polymerase,39,742,0.09061746817051561,False,False,2,250,0.344,False
PB2_polymerase,40,747,0.14934006387940196,False,False,2,250,0.102,False
PB1_polymerase,1,4,,False,True,1,227,,False
PB1_polymerase,2,44,0.15624578626068972,False,False,2,233,0.179,False
PB1_polymerase,3,61,0.11404100478726685,False,False,2,233,0.714,False
PB1_polymerase,4,158,0.14278338469011215,False,False,2,233,0.161,False
PB1_polymerase,5,194,,False,False,1,233,,False
PB1_polymerase,6,353,0.30570308962322845,False,False,2,233,0.051,False
PB1_polymerase,7,382,0.4167229687218328,False,False,2,233,0.793,False
PB1_polymerase,8,398,0.11024408912037317,False,True,2,233,0.427,False
PB1_polymerase,9,428,0.15567514625138,False,False,2,233,0.053,False
PB1_polymerase,10,452,0.06707753006277471,False,False,2,233,1.0,False
PB1_polymerase,11,476,,False,False,1,233,,False
PB1_polymerase,12,485,,False,False,1,233,,False
PB1_polymerase,13,504,0.06707753006277471,False,True,2,233,1.0,False
PB1_polymerase,14,518,,False,True,1,233,,False
PB1_polymerase,15,581,0.11024408912037317,False,False,2,233,0.456,False
PB1_polymerase,16,612,,False,False,1,233,,False
PB1_polymerase,17,623,0.06707753006277471,False,False,2,233,1.0,False
PB1_polymerase,18,641,0.15624578626068972,False,False,2,233,0.041,True
PB1_polymerase,19,667,0.11024408912037317,False,False,2,233,0.446,False
PB1_polymerase,20,671,,False,False,1,233,,False
PB1_polymerase,21,673,0.06351077524336905,False,False,2,233,1.0,False
PB1_polymerase,22,676,0.11024408912037317,False,False,2,233,0.461,False
PB1_polymerase,23,736,0.07635093043006333,False,True,2,233,0.866,False
PB1_polymerase,24,737,,False,False,1,233,,False
PB1-F2_protein,1,3,0.17894701207874644,False,False,2,56,0.757,False
PB1-F2_protein,2,5,0.1084652289093281,False,False,2,56,1.0,False
PB1-F2_protein,3,7,0.1084652289093281,False,False,2,56,1.0,False
PB1-F2_protein,4,10,0.48617243480439776,False,False,2,56,0.242,False
PB1-F2_protein,5,12,0.1084652289093281,False,False,2,56,1.0,False
PB1-F2_protein,6,21,0.25530928280952153,False,False,2,56,1.0,False
PB1-F2_protein,7,22,,False,True,1,56,,False
PB1-F2_protein,8,23,0.16277131270319112,False,True,2,56,0.92,False
PB1-F2_protein,9,27,0.17894701207874644,False,False,2,56,0.727,False
PB1-F2_protein,10,34,0.23396949512029983,False,False,2,56,1.0,False
PB1-F2_protein,11,35,0.27962349760262034,False,False,2,56,0.43,False
PB1-F2_protein,12,42,0.11513943507197752,False,True,2,67,0.975,False
PB1-F2_protein,13,47,0.2719995217595031,False,False,2,67,0.123,False
PB1-F2_protein,14,66,0.5224168692145761,False,False,3,66,0.001,True
PA_polymerase,1,8,0.061296903830333496,False,False,2,242,1.0,False
PA_polymerase,2,27,,False,False,1,243,,False
PA_polymerase,3,30,0.08706299654502833,False,False,2,243,0.522,False
PA_polymerase,4,58,0.11612115884700093,False,False,2,243,0.912,False
PA_polymerase,5,96,,False,False,1,243,,False
PA_polymerase,6,139,,False,False,1,243,,False
PA_polymerase,7,179,0.11352074241228882,False,False,2,243,0.39,False
PA_polymerase,8,208,,False,False,1,243,,False
PA_polymerase,9,216,0.5529473177939692,False,False,2,243,0.001,True
PA_polymerase,10,222,0.06721975424160356,False,False,2,244,0.951,False
PA_polymerase,11,225,0.11777711219522004,False,False,2,244,0.876,False
PA_polymerase,12,239,0.11359434758765125,False,False,2,244,0.378,False
PA_polymerase,13,241,0.11359434758765125,True,False,2,244,0.368,False
PA_polymerase,14,256,0.11359434758765125,False,False,2,244,0.379,False
PA_polymerase,15,259,0.529115942291866,False,False,2,244,0.001,True
PA_polymerase,16,262,0.5390345966263325,False,False,2,244,0.001,True
PA_polymerase,17,264,0.2948626719621891,False,False,3,244,0.001,True
PA_polymerase,18,294,,False,False,1,244,,False
PA_polymerase,19,305,0.021888744451453692,False,False,2,244,1.0,False
PA_polymerase,20,321,0.11359434758765125,False,False,2,244,0.384,False
PA_polymerase,21,349,0.11359434758765125,False,False,2,244,0.378,False
PA_polymerase,22,354,0.11619307322281659,False,False,2,244,0.921,False
PA_polymerase,23,361,0.11359434758765125,False,False,2,244,0.39,False
PA_polymerase,24,364,0.16097823938818726,False,False,2,244,0.119,False
PA_polymerase,25,386,0.11359434758765125,True,False,2,244,0.343,False
PA_polymerase,26,393,0.11359434758765125,False,False,2,244,0.355,False
PA_polymerase,27,395,0.3340565903295468,False,False,2,244,0.001,True
PA_polymerase,28,409,0.11359434758765125,False,False,2,244,0.381,False
PA_polymerase,29,471,0.06495139982743522,False,False,2,244,1.0,False
PA_polymerase,30,501,0.06495139982743522,False,False,2,244,1.0,False
PA_polymerase,31,513,,False,False,1,244,,False
PA_polymerase,32,568,0.06106900906607833,False,False,2,244,1.0,False
PA_polymerase,33,614,0.12320447931925227,False,False,2,244,0.588,False
PA_polymerase,34,624,,False,False,1,244,,False
PA_polymerase,35,635,,False,False,1,244,,False
PA_polymerase,36,703,0.11359434758765125,False,False,2,244,0.355,False
PA_polymerase,37,708,0.12289901003127188,False,False,2,244,0.243,False
PA-X_protein,1,8,0.07736635002107231,False,False,2,86,1.0,False
PA-X_protein,2,96,,False,True,1,86,,False
PA-X_protein,3,139,,False,False,1,86,,False
PA-X_protein,4,193,0.02310513458895144,False,True,2,86,1.0,False
PA-X_protein,5,200,0.34536518127010857,False,False,2,86,0.026,True
PA-X_protein,6,207,0.07736635002107231,False,False,2,86,1.0,False
PA-X_protein,7,211,0.07736635002107231,False,False,2,86,1.0,False
PA-X_protein,8,214,0.49749371855331,False,False,2,86,0.004,True
PA-X_protein,9,223,0.19736638105840879,False,False,2,87,1.0,False
PA-X_protein,10,237,0.16705381391691135,False,False,2,44,1.0,False
PA-X_protein,11,245,0.15249857033260467,False,True,2,44,1.0,False
PA-X_protein,12,246,0.31622776601683794,False,False,2,44,0.032,True
PA-X_protein,13,248,0.15249857033260467,False,False,2,44,1.0,False
PA-X_protein,14,249,0.18149704259460603,False,False,2,44,0.439,False
NP_protein,1,2,,False,False,1,1,,False
NP_protein,2,9,0.10552713456539162,False,False,2,277,0.383,False
NP_protein,3,10,0.10656576451855328,False,False,2,277,0.784,False
NP_protein,4,15,0.1495090003192804,False,False,2,277,0.058,False
NP_protein,5,27,0.5874801002937459,False,False,2,277,0.001,True
NP_protein,6,66,0.1509805130883743,False,False,2,277,0.593,False
NP_protein,7,90,,False,False,1,277,,False
NP_protein,8,150,0.10552713456539162,False,False,2,277,0.843,False
NP_protein,9,253,,False,False,1,277,,False
NP_protein,10,278,0.10552713456539162,False,False,2,277,0.404,False
NP_protein,11,361,0.623352627170157,False,False,2,277,0.001,True
NP_protein,12,367,0.10656576451855328,False,False,2,277,0.396,False
NP_protein,13,373,0.5161356643689043,True,False,2,277,0.001,True
NP_protein,14,374,0.058690548869797514,False,False,2,277,1.0,False
NP_protein,15,376,0.058690548869797514,True,False,2,277,1.0,False
NP_protein,16,379,,False,False,1,277,,False
NP_protein,17,384,0.10656576451855328,False,False,2,277,0.774,False
NP_protein,18,401,0.1509805130883743,False,False,2,277,0.607,False
NP_protein,19,408,0.5979839393824667,False,False,2,277,0.003,True
NP_protein,20,423,0.08315174410687588,False,False,2,277,0.749,False
NP_protein,21,458,,False,False,1,277,,False
NP_protein,22,461,0.10552713456539162,False,False,2,277,0.39,False
NP_protein,23,467,,False,False,1,277,,False
NP_protein,24,473,0.0649601563018443,False,False,2,277,0.707,False
NP_protein,25,479,0.10177132025792089,False,False,2,277,0.566,False
NP_protein,26,486,0.10650485238753,False,False,2,276,0.362,False
NP_protein,27,498,0.1849369765634636,False,False,2,274,0.466,False
NP_protein,28,502,0.15169062195710484,False,False,2,270,0.017,True
NA_neuraminidase,1,2,0.1521950807032047,False,False,2,469,0.001,True
NA_neuraminidase,2,3,0.1473407414875593,False,False,2,469,0.562,False
NA_neuraminidase,3,4,0.06849044340402839,False,False,3,469,0.926,False
NA_neuraminidase,4,6,0.12413364380087168,False,False,2,469,0.726,False
NA_neuraminidase,5,9,0.1643989873053573,False,False,2,38,1.0,False
NA_neuraminidase,6,42,0.04234421786838488,False,False,2,433,1.0,False
NA_neuraminidase,7,47,0.23385918670869438,False,False,2,471,0.53,False
NA_neuraminidase,8,49,0.11235311108869427,False,False,2,471,0.321,False
NA_neuraminidase,9,56,0.416586555876696,False,False,2,471,0.001,True
NA_neuraminidase,10,58,0.23530206159968872,False,False,2,471,0.001,True
NA_neuraminidase,11,59,,False,False,1,471,,False
NA_neuraminidase,12,62,0.5402017270811883,False,False,2,386,0.514,False
NA_neuraminidase,13,64,0.4035677173623271,False,False,2,386,0.001,True
NA_neuraminidase,14,66,0.03674004996037857,False,False,2,386,1.0,False
NA_neuraminidase,15,72,0.5289469363804414,False,False,2,385,0.513,False
NA_neuraminidase,16,77,,False,False,1,384,,False
NA_neuraminidase,17,80,0.5435508612572001,False,False,2,385,1.0,False
NA_neuraminidase,18,83,0.7602424514567434,False,False,2,441,0.549,False
NA_neuraminidase,19,85,0.1296933120529229,False,False,2,441,0.056,False
NA_neuraminidase,20,86,0.048805243163685216,False,False,2,471,1.0,False
NA_neuraminidase,21,88,,False,False,1,471,,False
NA_neuraminidase,22,101,0.23385918670869438,False,False,2,471,0.5,False
NA_neuraminidase,23,103,0.3541806942190492,False,False,2,471,0.061,False
NA_neuraminidase,24,118,0.07120188545089044,False,False,2,471,0.533,False
NA_neuraminidase,25,161,0.1234697701281945,False,False,2,472,0.435,False
NA_neuraminidase,26,168,0.21555065920709124,False,False,2,472,0.648,False
NA_neuraminidase,27,180,0.0872135806231199,False,False,2,472,0.47,False
NA_neuraminidase,28,183,0.21255797466755874,False,False,2,472,0.552,False
NA_neuraminidase,29,185,0.0872135806231199,False,False,2,472,0.536,False
NA_neuraminidase,30,216,0.2384152535185725,False,False,2,472,1.0,False
NA_neuraminidase,31,250,0.31891378193252123,False,False,2,472,0.297,False
NA_neuraminidase,32,280,0.24258154022279174,False,False,2,472,0.454,False
NA_neuraminidase,33,287,0.05815155569839205,True,False,2,472,0.568,False
NA_neuraminidase,34,322,0.04107568505226733,False,False,2,472,1.0,False
NA_neuraminidase,35,341,0.05961099150325644,False,False,2,472,1.0,False
NA_neuraminidase,36,347,0.04107568505226733,False,False,2,472,1.0,False
NA_neuraminidase,37,349,0.07318989045207769,False,False,2,472,0.296,False
NA_neuraminidase,38,351,0.14753913906116245,False,False,2,472,0.004,True
NA_neuraminidase,39,352,0.04107568505226733,False,False,2,472,1.0,False
NA_neuraminidase,40,354,0.12017925369878532,False,False,2,472,0.898,False
NA_neuraminidase,41,357,0.29369253594087036,False,False,2,472,0.986,False
NA_neuraminidase,42,359,0.0872135806231199,False,False,2,472,0.859,False
NA_neuraminidase,43,365,0.16696501189916402,False,False,2,472,0.011,True
NA_neuraminidase,44,370,0.14612187109002434,False,False,2,472,0.03,True
NA_neuraminidase,45,383,0.08562038108705829,False,False,2,472,0.301,False
NA_neuraminidase,46,387,0.08562038108705829,False,False,2,472,0.326,False
NA_neuraminidase,47,399,0.04889749367856836,False,False,2,472,1.0,False
NA_neuraminidase,48,403,0.04889749367856836,False,False,2,472,1.0,False
NA_neuraminidase,49,404,0.49252182423553287,False,False,2,472,0.004,True
NA_neuraminidase,50,408,0.15138009614411413,False,False,2,472,0.631,False
NA_neuraminidase,51,416,0.04107568505226733,False,False,2,472,1.0,False
NA_neuraminidase,52,452,0.48238191061886604,False,False,2,49,1.0,False
NA_neuraminidase,53,453,0.04107568505226733,True,False,2,472,1.0,False
NA_neuraminidase,54,461,,False,False,1,472,,False
NA_neuraminidase,55,468,0.04107568505226733,False,False,2,472,1.0,False
NA_neuraminidase,56,469,0.04107568505226733,False,False,2,472,1.0,False
NA_neuraminidase,57,473,0.10362646996444502,False,False,2,471,0.262,False
NA_neuraminidase,58,475,0.12420574201270904,False,False,2,471,0.237,False
NA_neuraminidase,59,481,0.22459359686896502,False,False,2,469,0.756,False
M1_matrix_protein,1,21,0.1279469348006621,False,False,2,359,0.072,False
M1_matrix_protein,2,85,0.07366356692202097,False,False,2,359,0.463,False
M1_matrix_protein,3,101,0.05517819337882858,False,False,2,360,1.0,False
M1_matrix_protein,4,102,0.05517819337882858,False,False,2,360,1.0,False
M1_matrix_protein,5,104,,False,False,1,360,,False
M1_matrix_protein,6,158,0.21192546776243767,False,True,2,360,0.962,False
M1_matrix_protein,7,195,0.038182210311621126,False,False,2,360,1.0,False
M1_matrix_protein,8,207,0.5770458641483454,False,False,2,360,0.001,True
M1_matrix_protein,9,224,0.5134280083656987,False,False,2,360,1.0,False
M2_ion_channel,1,3,0.08611400187065207,False,False,2,308,0.454,False
M2_ion_channel,2,9,0.10034390687492623,False,False,2,310,0.077,False
M2_ion_channel,3,10,0.08058229640253803,False,False,2,310,0.499,False
M2_ion_channel,4,18,0.19272567209421868,False,True,2,310,0.916,False
M2_ion_channel,5,20,0.23040260598172357,False,False,2,310,0.002,True
M2_ion_channel,6,50,0.0655925487101856,False,False,2,308,0.706,False
M2_ion_channel,7,54,0.08807354275501537,False,False,2,307,0.414,False
M2_ion_channel,8,64,0.43433939212049194,False,True,2,307,0.126,False
M2_ion_channel,9,82,0.2948249107104656,False,False,2,307,0.894,False
M2_ion_channel,10,91,0.08815800264144014,False,False,3,306,0.229,False
M2_ion_channel,11,93,0.12804516612634015,False,False,2,306,0.136,False
M2_ion_channel,12,96,0.08795274508089167,False,False,2,305,0.426,False
NS1_protein,1,13,0.10363387209313092,False,False,2,279,0.807,False
NS1_protein,2,46,0.11496095504872503,False,False,2,279,0.564,False
NS1_protein,3,47,0.08959957468779248,False,False,2,279,0.921,False
NS1_protein,4,48,0.22373511542627125,False,False,2,279,0.088,False
NS1_protein,5,49,0.28577011633759314,False,True,2,279,1.0,False
NS1_protein,6,70,0.6460268840573615,False,False,2,279,0.001,True
NS1_protein,7,73,0.446327077825491,False,False,2,279,0.546,False
NS1_protein,8,74,0.19304683562633607,False,False,2,279,0.034,True
NS1_protein,9,84,,False,False,1,279,,False
NS1_protein,10,92,0.11105399925377266,False,False,2,279,0.356,False
NS1_protein,11,94,0.09950742293207321,False,False,2,279,0.5,False
NS1_protein,12,108,0.25013031014697745,False,False,2,279,0.003,True
NS1_protein,13,127,0.28170678172754704,False,True,2,279,0.003,True
NS1_protein,14,133,0.27298990526766836,False,False,2,279,0.002,True
NS1_protein,15,143,0.11105399925377266,False,True,2,279,0.336,False
NS1_protein,16,161,0.15733730760737158,False,False,2,279,0.105,False
NS1_protein,17,163,0.05851151865715469,False,True,2,279,1.0,False
NS1_protein,18,165,0.0572436074188399,False,True,2,279,1.0,False
NS1_protein,19,205,0.07722706494538474,False,False,2,278,0.925,False
NS1_protein,20,206,0.20245502363228216,False,False,2,278,0.434,False
NS1_protein,21,212,0.2202749531768995,False,False,3,278,0.006,True
NS1_protein,22,213,0.5964470006468975,False,False,2,278,0.001,True
NS1_protein,23,215,0.0954885565111225,False,False,3,278,0.296,False
NS1_protein,24,225,0.6027618097623294,False,False,2,92,0.012,True
NS2_protein,1,24,0.9999999999999999,False,False,2,12,0.478,False
NS2_protein,2,62,,False,False,1,12,,False
NEP_protein,1,8,,False,False,1,262,,False
NEP_protein,2,24,0.5413880552354722,False,False,2,262,0.001,True
HA_full,1,2,0.0924718167734773,False,False,2,475,0.22,False
HA_full,2,5,0.24085398365504912,False,False,2,607,0.259,False
HA_full,3,20,0.580999419211965,False,False,2,608,1.0,False
HA_full,4,28,0.16160784749745438,False,False,2,608,0.468,False
HA_full,5,29,0.14999139982225593,False,False,2,608,1.0,False
HA_full,6,30,0.14999139982225593,False,False,2,608,1.0,False
HA_full,7,41,0.14999139982225593,False,False,2,608,1.0,False
HA_full,8,46,0.14999139982225593,False,False,2,608,1.0,False
HA_full,9,56,,False,True,1,608,,False
HA_full,10,66,0.09259290390092377,False,False,2,608,0.196,False
HA_full,11,72,0.025022359848652125,False,False,2,608,0.775,False
HA_full,12,90,0.18329331295884793,False,False,2,608,0.454,False
HA_full,13,91,0.03210537759483891,False,False,2,608,1.0,False
HA_full,14,105,0.7471839178206054,False,False,2,608,0.001,True
HA_full,15,107,0.09768606169321294,False,False,2,608,0.125,False
HA_full,16,112,0.07561486821635979,False,False,2,608,0.912,False
HA_full,17,116,0.3546094678715581,False,False,2,608,0.001,True
HA_full,18,124,0.07561486821635979,False,False,2,608,0.406,False
HA_full,19,128,0.7037262161379105,False,False,2,608,0.001,True
HA_full,20,131,0.07561486821635979,False,False,2,608,0.92,False
HA_full,21,137,0.15891430887093644,False,False,2,439,0.053,False
HA_full,22,139,0.09259290390092377,False,False,2,608,0.193,False
HA_full,23,140,,False,False,1,608,,False
HA_full,24,143,0.06748739950808756,False,True,2,608,0.662,False
HA_full,25,145,0.07561486821635979,False,False,2,608,0.921,False
HA_full,26,147,0.0919021608956702,False,False,2,564,0.21,False
HA_full,27,148,0.03210537759483891,False,False,2,608,1.0,False
HA_full,28,150,0.13105413731143992,False,False,2,608,0.046,True
HA_full,29,151,0.45233275239654397,False,False,2,608,0.001,True
HA_full,30,159,0.3435800036200521,False,False,2,608,0.049,True
HA_full,31,171,0.9999999999999999,False,False,2,40,1.0,False
HA_full,32,173,0.11661620150782043,False,False,2,608,0.021,True
HA_full,33,174,0.03210537759483891,False,False,2,608,1.0,False
HA_full,34,175,0.5077140015972528,False,False,2,608,1.0,False
HA_full,35,180,0.08536579940348117,False,False,2,608,0.342,False
HA_full,36,182,0.1612134779653865,True,False,2,608,0.216,False
HA_full,37,184,0.07421019711867137,False,False,2,608,0.834,False
HA_full,38,186,0.7907973139284928,False,False,2,608,0.642,False
HA_full,39,187,0.06437002146622287,False,False,2,608,0.932,False
HA_full,40,214,0.07421019711867137,False,False,2,608,0.216,False
HA_full,41,215,0.5197191965064278,False,False,2,608,0.001,True
HA_full,42,217,,False,False,1,608,,False
HA_full,43,229,,False,False,1,608,,False
HA_full,44,231,0.3337545345059057,False,False,2,608,0.001,True
HA_full,45,233,0.15266372713016282,False,False,2,608,0.545,False
HA_full,46,236,0.10702376644992972,False,False,2,608,0.776,False
HA_full,47,257,0.1934673959774524,False,False,2,608,0.518,False
HA_full,48,259,0.13105413731143992,False,False,2,608,0.04,True
HA_full,49,279,0.1544729297423123,False,False,2,608,0.011,True
HA_full,50,280,0.1606404789201686,False,False,2,608,0.013,True
HA_full,51,281,0.2796275088923563,False,True,2,608,0.001,True
HA_full,52,282,0.13105413731143992,False,False,2,608,0.051,False
HA_full,53,283,0.1540526714658894,False,False,3,608,0.011,True
HA_full,54,287,0.03210537759483891,False,False,2,608,1.0,False
HA_full,55,289,0.03210537759483891,False,False,2,608,1.0,False
HA_full,56,290,0.05569998364309125,False,False,2,608,0.574,False
HA_full,57,295,0.45864137336134947,False,False,2,608,0.001,True
HA_full,58,297,0.6752563987146781,False,False,2,608,0.001,True
HA_full,59,304,0.13105413731143992,False,False,2,608,0.047,True
HA_full,60,308,0.30758230215632726,False,False,2,608,0.001,True
HA_full,61,342,0.8109974970320352,False,False,2,608,0.145,False
HA_full,62,361,,False,False,1,608,,False
HA_full,63,405,0.04544130690891603,False,False,2,608,0.989,False
HA_full,64,429,0.03210537759483891,False,False,2,608,1.0,False
HA_full,65,440,0.14999139982225593,False,False,2,608,1.0,False
HA_full,66,441,0.8175450375707373,False,False,2,608,1.0,False
HA_full,67,477,0.09259290390092376,False,False,2,608,0.22,False
HA_full,68,483,0.09986761030907829,False,False,2,608,1.0,False
HA_full,69,503,0.04544130690891603,False,False,2,608,0.979,False
HA_full,70,511,0.0562126302845487,False,False,2,608,0.404,False
HA_full,71,512,0.04473569213086908,False,False,2,608,0.959,False
HA_full,72,514,0.09259290390092377,False,False,2,608,0.225,False
HA_full,73,519,0.1580385806388654,False,True,2,608,0.01,True
HA_full,74,527,0.07561486821635979,False,False,2,608,0.906,False
HA_full,75,535,0.11475459710492762,False,False,2,608,1.0,False
HA_full,76,569,0.13473744805344967,False,False,2,607,0.927,False
HA_full,77,570,,True,False,1,607,,False
HA_full,78,571,0.09257837239165065,False,False,2,607,0.217,False
HA_full,79,576,0.16155052389600094,False,False,2,605,0.007,True
HA_full,80,579,,False,False,1,603,,False
