protein,site_idx,orig_pos,cramers_v,is_fast,is_slow,n_symbols,n_taxa,p_strain_perm,significant_strain_perm,p_bh,significant_bh
PB2_polymerase,1,5,0.11452644499669476,False,False,2,260,0.682,False,1.0,False
PB2_polymerase,2,13,0.06634407076859526,False,False,2,262,0.902,False,1.0,False
PB2_polymerase,3,22,0.11117289099417835,False,False,2,262,0.746,False,1.0,False
PB2_polymerase,4,33,0.10775965222023223,True,False,2,262,0.428,False,0.829222,False
PB2_polymerase,5,79,,False,False,1,262,,False,,False
PB2_polymerase,6,92,0.10775965222023223,False,False,2,262,0.402,False,0.829222,False
PB2_polymerase,7,105,0.4042845720794683,False,False,2,262,0.001,True,0.0068,True
PB2_polymerase,8,121,0.21962496363512427,False,False,2,262,0.008,True,0.045333,True
PB2_polymerase,9,127,,False,False,1,262,,False,,False
PB2_polymerase,10,147,0.4735450417594958,False,False,2,262,0.001,True,0.0068,True
PB2_polymerase,11,251,0.052935993055756435,False,False,2,262,0.886,False,1.0,False
PB2_polymerase,12,301,0.11117289099417835,False,False,2,262,0.768,False,1.0,False
PB2_polymerase,13,302,0.11117289099417835,False,False,2,262,0.778,False,1.0,False
PB2_polymerase,14,324,0.06634407076859526,False,False,2,262,1.0,False,1.0,False
PB2_polymerase,15,327,0.1094133133751543,False,False,3,262,0.698,False,1.0,False
PB2_polymerase,16,334,0.11325429486593551,False,False,2,262,0.899,False,1.0,False
PB2_polymerase,17,339,0.27826112870334496,False,False,2,262,0.937,False,1.0,False
PB2_polymerase,18,481,0.06381823223987944,False,False,2,262,1.0,False,1.0,False
PB2_polymerase,19,512,0.10775965222023223,False,False,2,262,0.419,False,0.829222,False
PB2_polymerase,20,514,0.10775965222023223,True,False,2,262,0.411,False,0.829222,False
PB2_polymerase,21,519,0.09042600570395205,False,False,2,262,0.544,False,0.973474,False
PB2_polymerase,22,540,0.10769230769230768,False,False,2,261,0.439,False,0.829222,False
PB2_polymerase,23,589,0.5331147517526779,False,False,2,261,0.001,True,0.0068,True
PB2_polymerase,24,630,0.28883681208415823,False,False,2,261,0.001,True,0.0068,True
PB2_polymerase,25,641,0.1931885878037686,False,False,2,261,0.216,False,0.7344,False
PB2_polymerase,26,650,0.21862921387590062,False,False,2,261,0.889,False,1.0,False
PB2_polymerase,27,652,0.06419407387663693,False,False,2,261,1.0,False,1.0,False
PB2_polymerase,28,653,,False,False,1,261,,False,,False
PB2_polymerase,29,659,0.09031329035393922,False,False,2,261,0.745,False,1.0,False
PB2_polymerase,30,666,0.10769230769230768,False,False,2,261,0.406,False,0.829222,False
PB2_polymerase,31,676,0.06419407387663693,False,False,2,261,1.0,False,1.0,False
PB2_polymerase,32,684,,False,False,1,261,,False,,False
PB2_polymerase,33,699,0.1623439766175911,False,False,2,261,0.03,True,0.145714,False
PB2_polymerase,34,709,0.15407890860698417,False,False,2,260,0.149,False,0.562889,False
PB2_polymerase,35,715,,False,False,1,260,,False,,False
PB2_polymerase,36,718,,False,False,1,260,,False,,False
PB2_polymerase,37,740,0.5957197111468842,False,False,2,260,0.001,True,0.0068,True
PB2_polymerase,38,741,0.15874395745104045,True,False,2,260,0.397,False,0.829222,False
PB2_polymerase,39,742,0.09081935800779059,False,False,2,260,0.436,False,0.829222,False
PB2_polymerase,40,747,0.15210043056506006,False,False,2,260,0.133,False,0.562889,False
PB1_polymerase,1,4,,False,True,1,238,,False,,False
PB1_polymerase,2,44,0.1574591643244434,False,False,2,244,0.196,False,0.6336,False
PB1_polymerase,3,61,0.11233889546743037,False,False,2,244,0.742,False,1.0,False
PB1_polymerase,4,158,0.15270318968333987,False,False,2,244,0.198,False,0.6336,False
PB1_polymerase,5,194,,False,False,1,244,,False,,False
PB1_polymerase,6,353,0.3009595530996965,False,False,2,244,0.06,False,0.6336,False
PB1_polymerase,7,382,0.3956974208411078,False,False,2,244,0.818,False,1.0,False
PB1_polymerase,8,398,0.11111111111111112,False,True,2,244,0.461,False,0.837333,False
PB1_polymerase,9,428,0.15390862710412312,False,False,2,244,0.181,False,0.6336,False
PB1_polymerase,10,452,0.06850402881405684,False,False,2,244,1.0,False,1.0,False
PB1_polymerase,11,476,,False,False,1,244,,False,,False
PB1_polymerase,12,485,,False,False,1,244,,False,,False
PB1_polymerase,13,504,0.06850402881405684,False,True,2,244,1.0,False,1.0,False
PB1_polymerase,14,518,,False,True,1,244,,False,,False
PB1_polymerase,15,581,0.11111111111111112,False,False,2,244,0.446,False,0.837333,False
PB1_polymerase,16,612,,False,False,1,244,,False,,False
PB1_polymerase,17,623,0.06850402881405684,False,False,2,244,1.0,False,1.0,False
PB1_polymerase,18,641,0.1574591643244434,False,False,2,244,0.139,False,0.6336,False
PB1_polymerase,19,667,0.11111111111111112,False,False,2,244,0.461,False,0.837333,False
PB1_polymerase,20,671,,False,False,1,244,,False,,False
PB1_polymerase,21,673,0.06649971846695178,False,False,2,244,1.0,False,1.0,False
PB1_polymerase,22,676,0.11111111111111112,False,False,2,244,0.471,False,0.837333,False
PB1_polymerase,23,736,0.08040922381700871,False,True,2,244,0.892,False,1.0,False
PB1_polymerase,24,737,,False,False,1,244,,False,,False
PB1-F2_protein,1,3,0.1865476644816561,False,False,2,59,0.756,False,1.0,False
PB1-F2_protein,2,5,0.11259433727776125,False,False,2,59,1.0,False,1.0,False
PB1-F2_protein,3,7,0.6519291919642813,False,False,2,59,0.015,True,0.065,False
PB1-F2_protein,4,10,0.4868972843601013,False,False,2,59,0.218,False,0.7085,False
PB1-F2_protein,5,12,0.11259433727776125,False,False,2,59,1.0,False,1.0,False
PB1-F2_protein,6,21,0.38653257148550046,False,False,2,59,0.619,False,1.0,False
PB1-F2_protein,7,22,,False,True,1,59,,False,,False
PB1-F2_protein,8,23,0.21041297141175594,False,True,2,59,0.855,False,1.0,False
PB1-F2_protein,9,27,0.1865476644816561,False,False,2,59,0.782,False,1.0,False
PB1-F2_protein,10,34,0.23366544437219972,False,False,2,59,0.997,False,1.0,False
PB1-F2_protein,11,35,0.282704841292908,False,False,2,59,0.438,False,1.0,False
PB1-F2_protein,12,42,0.14359959112776777,False,True,2,70,0.97,False,1.0,False
PB1-F2_protein,13,47,0.4181489914933238,False,False,2,70,0.009,True,0.0585,False
PB1-F2_protein,14,66,0.5284127414537867,False,False,3,67,0.001,True,0.013,True
PA_polymerase,1,8,0.06274558051381586,False,False,2,253,1.0,False,1.0,False
PA_polymerase,2,27,,False,False,1,254,,False,,False
PA_polymerase,3,30,0.0890870806374748,False,False,2,254,0.548,False,0.722364,False
PA_polymerase,4,58,0.11429600198698266,False,False,2,254,0.91,False,1.0,False
PA_polymerase,5,96,,False,False,1,254,,False,,False
PA_polymerase,6,139,,False,False,1,254,,False,,False
PA_polymerase,7,179,0.11429600198698266,False,False,2,254,0.375,False,0.549619,False
PA_polymerase,8,208,,False,False,1,254,,False,,False
PA_polymerase,9,216,0.5558801148078704,False,False,2,254,0.001,True,0.0058,True
PA_polymerase,10,222,0.06762810122797881,False,False,2,255,1.0,False,1.0,False
PA_polymerase,11,225,0.11661179601510377,False,False,2,255,0.914,False,1.0,False
PA_polymerase,12,239,0.11436290314334605,False,False,2,255,0.387,False,0.549619,False
PA_polymerase,13,241,0.11436290314334605,True,False,2,255,0.371,False,0.549619,False
PA_polymerase,14,256,0.11436290314334605,False,False,2,255,0.398,False,0.549619,False
PA_polymerase,15,259,0.5317201230134646,False,False,2,255,0.001,True,0.0058,True
PA_polymerase,16,262,0.5419415165158109,False,False,2,255,0.001,True,0.0058,True
PA_polymerase,17,264,0.3171082194091296,False,False,3,255,0.001,True,0.0058,True
PA_polymerase,18,294,,False,False,1,255,,False,,False
PA_polymerase,19,305,0.03548244970810409,False,False,2,255,1.0,False,1.0,False
PA_polymerase,20,321,0.11436290314334605,False,False,2,255,0.384,False,0.549619,False
PA_polymerase,21,349,0.11436290314334605,False,False,2,255,0.383,False,0.549619,False
PA_polymerase,22,354,0.11436290314334605,False,False,2,255,0.957,False,1.0,False
PA_polymerase,23,361,0.11436290314334605,False,False,2,255,0.378,False,0.549619,False
PA_polymerase,24,364,0.16205288499748646,False,False,2,255,0.147,False,0.525222,False
PA_polymerase,25,386,0.11436290314334605,True,False,2,255,0.391,False,0.549619,False
PA_polymerase,26,393,0.11436290314334605,False,False,2,255,0.371,False,0.549619,False
PA_polymerase,27,395,0.3362297862003444,False,False,2,255,0.001,True,0.0058,True
PA_polymerase,28,409,0.11436290314334605,False,False,2,255,0.384,False,0.549619,False
PA_polymerase,29,471,0.18418831924585138,False,False,2,255,0.163,False,0.525222,False
PA_polymerase,30,501,0.18418831924585138,False,False,2,255,0.139,False,0.525222,False
PA_polymerase,31,513,,False,False,1,255,,False,,False
PA_polymerase,32,568,0.0625,False,False,2,255,1.0,False,1.0,False
PA_polymerase,33,614,0.3720990957676958,False,False,2,255,0.002,True,0.009667,True
PA_polymerase,34,624,,False,False,1,255,,False,,False
PA_polymerase,35,635,,False,False,1,255,,False,,False
PA_polymerase,36,703,0.11436290314334605,False,False,2,255,0.383,False,0.549619,False
PA_polymerase,37,708,0.125744793085232,False,False,2,255,0.32,False,0.549619,False
PA-X_protein,1,8,0.07987230638308718,False,False,2,89,1.0,False,1.0,False
PA-X_protein,2,96,,False,True,1,89,,False,,False
PA-X_protein,3,139,,False,False,1,89,,False,,False
PA-X_protein,4,193,0.18297521390648439,False,True,2,89,0.766,False,1.0,False
PA-X_protein,5,200,0.3469132992684229,False,False,2,89,0.017,True,0.068,False
PA-X_protein,6,207,0.07987230638308718,False,False,2,89,1.0,False,1.0,False
PA-X_protein,7,211,0.07987230638308718,False,False,2,89,1.0,False,1.0,False
PA-X_protein,8,214,0.4993972270261879,False,False,2,89,0.004,True,0.048,True
PA-X_protein,9,223,0.8668641695052882,False,False,2,90,0.011,True,0.066,False
PA-X_protein,10,237,0.17131207221604822,False,False,2,47,1.0,False,1.0,False
PA-X_protein,11,245,0.15717365336548286,False,True,2,47,1.0,False,1.0,False
PA-X_protein,12,246,0.32512804438117754,False,False,2,47,0.032,True,0.096,False
PA-X_protein,13,248,0.15717365336548286,False,False,2,47,1.0,False,1.0,False
PA-X_protein,14,249,0.22530350809889926,False,False,2,47,0.377,False,0.9048,False
NP_protein,1,2,,False,False,1,1,,False,,False
NP_protein,2,9,0.10605993593397989,False,False,2,286,0.35,False,0.555,False
NP_protein,3,10,0.10504681556555036,False,False,2,286,0.868,False,0.946909,False
NP_protein,4,15,0.15025523714106656,False,False,2,286,0.1,False,0.218182,False
NP_protein,5,27,0.5947221920522667,False,False,2,286,0.001,True,0.006,True
NP_protein,6,66,0.1488199483124406,False,False,2,286,0.637,False,0.84,False
NP_protein,7,90,0.3739647363858662,False,False,2,286,0.06,False,0.18,False
NP_protein,8,150,0.10605993593397989,False,False,2,286,0.136,False,0.272,False
NP_protein,9,253,,False,False,1,286,,False,,False
NP_protein,10,278,0.10605993593397989,False,False,2,286,0.362,False,0.555,False
NP_protein,11,361,0.6200646780722191,False,False,2,286,0.001,True,0.006,True
NP_protein,12,367,0.268675908205979,False,False,2,286,0.027,True,0.092571,False
NP_protein,13,373,0.5100518633166733,True,False,2,286,0.001,True,0.006,True
NP_protein,14,374,0.059650576298807344,False,False,2,286,1.0,False,1.0,False
NP_protein,15,376,0.059650576298807344,True,False,2,286,1.0,False,1.0,False
NP_protein,16,379,,False,False,1,286,,False,,False
NP_protein,17,384,0.10504681556555036,False,False,2,286,0.85,False,0.946909,False
NP_protein,18,401,0.1488199483124406,False,False,2,286,0.665,False,0.84,False
NP_protein,19,408,0.6120817033207024,False,False,2,286,0.001,True,0.006,True
NP_protein,20,423,0.08450704225352114,False,False,2,286,0.804,False,0.946909,False
NP_protein,21,458,0.3739647363858662,False,False,2,286,0.069,False,0.184,False
NP_protein,22,461,0.10605993593397989,False,False,2,286,0.37,False,0.555,False
NP_protein,23,467,,False,False,1,286,,False,,False
NP_protein,24,473,0.2379308906003708,False,False,2,286,0.008,True,0.032,True
NP_protein,25,479,0.26313221781960167,False,False,2,286,0.003,True,0.0144,True
NP_protein,26,486,0.10703644474906503,False,False,2,285,0.367,False,0.555,False
NP_protein,27,498,0.18229046509512306,False,False,2,283,0.57,False,0.804706,False
NP_protein,28,502,0.15379239385598123,False,False,2,279,0.092,False,0.218182,False
NA_neuraminidase,1,2,0.1499152978624061,False,False,2,481,0.033,True,0.226875,False
NA_neuraminidase,2,3,0.18023629170646308,False,False,2,481,0.163,False,0.815,False
NA_neuraminidase,3,4,0.06785183593744636,False,False,3,481,0.931,False,1.0,False
NA_neuraminidase,4,6,0.12227748963573573,False,False,2,481,0.752,False,1.0,False
NA_neuraminidase,5,9,0.16643566632465157,False,False,2,39,0.473,False,1.0,False
NA_neuraminidase,6,42,0.04301483105950749,False,False,2,444,1.0,False,1.0,False
NA_neuraminidase,7,47,0.24208665821747816,False,False,2,483,0.488,False,1.0,False
NA_neuraminidase,8,49,0.11110127150528874,False,False,2,483,0.463,False,1.0,False
NA_neuraminidase,9,56,0.4164222167854076,False,False,2,483,0.001,True,0.018333,True
NA_neuraminidase,10,58,0.24756386404974268,False,False,2,483,0.001,True,0.018333,True
NA_neuraminidase,11,59,,False,False,1,483,,False,,False
NA_neuraminidase,12,62,0.5528513720864687,False,False,2,391,0.496,False,1.0,False
NA_neuraminidase,13,64,0.41012680661286566,False,False,2,391,0.001,True,0.018333,True
NA_neuraminidase,14,66,0.037188710678078635,False,False,2,391,1.0,False,1.0,False
NA_neuraminidase,15,72,0.5415263798384511,False,False,2,390,0.519,False,1.0,False
NA_neuraminidase,16,77,,False,False,1,387,,False,,False
NA_neuraminidase,17,80,0.5557443856842819,False,False,2,388,1.0,False,1.0,False
NA_neuraminidase,18,83,0.7621673300177788,False,False,2,450,0.576,False,1.0,False
NA_neuraminidase,19,85,0.13126249562146394,False,False,2,450,0.073,False,0.4015,False
NA_neuraminidase,20,86,0.04970301347500469,False,False,2,481,1.0,False,1.0,False
NA_neuraminidase,21,88,,False,False,1,481,,False,,False
NA_neuraminidase,22,101,0.24208665821747816,False,False,2,483,0.517,False,1.0,False
NA_neuraminidase,23,103,0.35191081407585095,False,False,2,483,0.189,False,0.816538,False
NA_neuraminidase,24,118,0.07230585648569055,False,False,2,483,0.555,False,1.0,False
NA_neuraminidase,25,161,0.20901698565397472,False,False,2,484,0.006,True,0.0825,False
NA_neuraminidase,26,168,0.2241715583690437,False,False,2,484,0.652,False,1.0,False
NA_neuraminidase,27,180,0.08592497251893072,False,False,2,484,0.496,False,1.0,False
NA_neuraminidase,28,183,0.2212124149158991,False,False,2,484,0.544,False,1.0,False
NA_neuraminidase,29,185,0.08592497251893072,False,False,2,484,0.522,False,1.0,False
NA_neuraminidase,30,216,0.24636689517471158,False,False,2,484,1.0,False,1.0,False
NA_neuraminidase,31,250,0.32425428633756714,False,False,2,484,0.193,False,0.816538,False
NA_neuraminidase,32,280,0.25048281774322834,False,False,2,484,0.488,False,1.0,False
NA_neuraminidase,33,287,0.059048618497916365,True,False,2,484,0.569,False,1.0,False
NA_neuraminidase,34,322,0.04171043289436111,False,False,2,484,1.0,False,1.0,False
NA_neuraminidase,35,341,0.06133825806376417,False,False,2,484,1.0,False,1.0,False
NA_neuraminidase,36,347,0.04171043289436111,False,False,2,484,1.0,False,1.0,False
NA_neuraminidase,37,349,0.07296389341602755,False,False,2,484,0.31,False,0.950278,False
NA_neuraminidase,38,351,0.1482291313112355,False,False,2,484,0.041,True,0.250556,False
NA_neuraminidase,39,352,0.04171043289436111,False,False,2,484,1.0,False,1.0,False
NA_neuraminidase,40,354,0.1184418013844049,False,False,2,484,0.922,False,1.0,False
NA_neuraminidase,41,357,0.30084155701343357,False,False,2,484,0.976,False,1.0,False
NA_neuraminidase,42,359,0.08592497251893072,False,False,2,484,0.906,False,1.0,False
NA_neuraminidase,43,365,0.16820431942324673,False,False,2,484,0.011,True,0.100833,False
NA_neuraminidase,44,370,0.1473659716405503,False,False,2,484,0.025,True,0.196429,False
NA_neuraminidase,45,383,0.08592497251893072,False,False,2,484,0.306,False,0.950278,False
NA_neuraminidase,46,387,0.08592497251893072,False,False,2,484,0.302,False,0.950278,False
NA_neuraminidase,47,399,0.049962038684391,False,False,2,484,1.0,False,1.0,False
NA_neuraminidase,48,403,0.049962038684391,False,False,2,484,1.0,False,1.0,False
NA_neuraminidase,49,404,0.491158442262611,False,False,2,484,0.009,True,0.099,False
NA_neuraminidase,50,408,0.1491355075087424,False,False,2,484,0.661,False,1.0,False
NA_neuraminidase,51,416,0.04171043289436111,False,False,2,484,1.0,False,1.0,False
NA_neuraminidase,52,452,0.4864228025670084,False,False,2,50,1.0,False,1.0,False
NA_neuraminidase,53,453,0.04171043289436111,True,False,2,484,1.0,False,1.0,False
NA_neuraminidase,54,461,,False,False,1,484,,False,,False
NA_neuraminidase,55,468,0.04171043289436111,False,False,2,484,1.0,False,1.0,False
NA_neuraminidase,56,469,0.04171043289436111,False,False,2,484,1.0,False,1.0,False
NA_neuraminidase,57,473,0.10616638758699858,False,False,2,483,0.311,False,0.950278,False
NA_neuraminidase,58,475,0.12234710854292785,False,False,2,483,0.259,False,0.950278,False
NA_neuraminidase,59,481,0.23317341266253339,False,False,2,481,0.73,False,1.0,False
M1_matrix_protein,1,21,0.12882158725821075,False,False,2,369,0.113,False,0.452,False
M1_matrix_protein,2,85,0.07417279626887172,False,False,2,369,0.442,False,1.0,False
M1_matrix_protein,3,101,0.05585411676514359,False,False,2,370,1.0,False,1.0,False
M1_matrix_protein,4,102,0.05585411676514359,False,False,2,370,1.0,False,1.0,False
M1_matrix_protein,5,104,,False,False,1,370,,False,,False
M1_matrix_protein,6,158,0.21932952421094593,False,True,2,370,0.965,False,1.0,False
M1_matrix_protein,7,195,0.040107695983405106,False,False,2,370,1.0,False,1.0,False
M1_matrix_protein,8,207,0.5867860597650327,False,False,2,370,0.001,True,0.008,True
M1_matrix_protein,9,224,0.5269488557633561,False,False,2,370,1.0,False,1.0,False
M2_ion_channel,1,3,0.08675884710612668,False,False,2,319,0.443,False,0.6645,False
M2_ion_channel,2,9,0.10111958465997718,False,False,2,321,0.13,False,0.39,False
M2_ion_channel,3,10,0.08194224366833723,False,False,2,321,0.535,False,0.713333,False
M2_ion_channel,4,18,0.205224923072693,False,True,2,321,0.922,False,0.922,False
M2_ion_channel,5,20,0.23590033218798395,False,False,2,321,0.001,True,0.006,True
M2_ion_channel,6,50,0.06894886504993321,False,False,2,319,0.726,False,0.836727,False
M2_ion_channel,7,54,0.0887079619105663,False,False,2,318,0.433,False,0.6645,False
M2_ion_channel,8,64,0.42718223798396426,False,True,2,318,0.044,True,0.176,False
M2_ion_channel,9,82,0.3440708121516431,False,False,2,318,0.767,False,0.836727,False
M2_ion_channel,10,91,0.08879290125201869,False,False,3,317,0.237,False,0.5688,False
M2_ion_channel,11,93,0.2570211559098204,False,False,2,317,0.001,True,0.006,True
M2_ion_channel,12,96,0.08859623899229176,False,False,2,316,0.44,False,0.6645,False
NS1_protein,1,13,0.10319525871953461,False,False,2,288,0.83,False,1.0,False
NS1_protein,2,46,0.12587903898671232,False,False,2,288,0.703,False,0.951118,False
NS1_protein,3,47,0.10329098124341173,False,False,2,288,0.972,False,1.0,False
NS1_protein,4,48,0.22849851281068367,False,False,2,288,0.073,False,0.186556,False
NS1_protein,5,49,0.30964401930117086,False,True,2,288,1.0,False,1.0,False
NS1_protein,6,70,0.6412762972359882,False,False,2,288,0.004,True,0.015333,True
NS1_protein,7,73,0.44568288926417354,False,False,2,288,0.529,False,0.858667,False
NS1_protein,8,74,0.19389168358237033,False,False,2,288,0.103,False,0.2369,False
NS1_protein,9,84,,False,False,1,288,,False,,False
NS1_protein,10,92,0.11155268706329005,False,False,2,288,0.349,False,0.617462,False
NS1_protein,11,94,0.10118262487237346,False,False,2,288,0.56,False,0.858667,False
NS1_protein,12,108,0.2511960284815156,False,False,2,288,0.003,True,0.0138,True
NS1_protein,13,127,0.29759680049415393,False,True,2,288,0.002,True,0.0115,True
NS1_protein,14,133,0.27875922203428183,False,False,2,288,0.002,True,0.0115,True
NS1_protein,15,143,0.11155268706329005,False,True,2,288,0.337,False,0.617462,False
NS1_protein,16,161,0.1580348853102535,False,False,2,288,0.132,False,0.276,False
NS1_protein,17,163,0.0595575288655578,False,True,2,288,1.0,False,1.0,False
NS1_protein,18,165,0.05821391345975416,False,True,2,288,1.0,False,1.0,False
NS1_protein,19,205,0.0798171988965074,False,False,2,287,0.96,False,1.0,False
NS1_protein,20,206,0.20520382856545524,False,False,2,287,0.632,False,0.9085,False
NS1_protein,21,212,0.22244743811460838,False,False,3,287,0.005,True,0.016429,True
NS1_protein,22,213,0.6029869254887366,False,False,2,287,0.001,True,0.0115,True
NS1_protein,23,215,0.193716582433549,False,False,3,287,0.001,True,0.0115,True
NS1_protein,24,225,0.6058115817927807,False,False,2,99,0.009,True,0.025875,True
NS2_protein,1,24,1.0,False,False,2,14,0.262,False,0.262,False
NS2_protein,2,62,,False,False,1,14,,False,,False
NEP_protein,1,8,,False,False,1,271,,False,,False
NEP_protein,2,24,0.5481855595654361,False,False,2,271,0.001,True,0.001,True
HA_full,1,2,0.0925662115268029,False,False,2,479,0.234,False,0.502412,False
HA_full,2,5,0.2476560517535118,False,False,2,619,0.195,False,0.502412,False
HA_full,3,20,0.5690331896103361,False,False,2,620,0.998,False,1.0,False
HA_full,4,28,0.16715538050545475,False,False,2,620,0.465,False,0.870385,False
HA_full,5,29,0.15609950122908306,False,False,2,620,1.0,False,1.0,False
HA_full,6,30,0.15609950122908306,False,False,2,620,1.0,False,1.0,False
HA_full,7,41,0.15609950122908306,False,False,2,620,1.0,False,1.0,False
HA_full,8,46,0.15609950122908306,False,False,2,620,1.0,False,1.0,False
HA_full,9,56,,False,True,1,620,,False,,False
HA_full,10,66,0.09276344933160938,False,False,2,620,0.222,False,0.502412,False
HA_full,11,72,0.029042449481717733,False,False,2,620,0.793,False,1.0,False
HA_full,12,90,0.17952115155663026,False,False,2,620,0.556,False,1.0,False
HA_full,13,91,0.032597660170923956,False,False,2,620,1.0,False,1.0,False
HA_full,14,105,0.744901066581,False,False,2,620,0.001,True,0.0073,True
HA_full,15,107,0.09865898010681451,False,False,2,620,0.113,False,0.343708,False
HA_full,16,112,0.07408203025083902,False,False,2,620,0.908,False,1.0,False
HA_full,17,116,0.3533232569882006,False,False,2,620,0.001,True,0.0073,True
HA_full,18,124,0.07408203025083902,False,False,2,620,0.461,False,0.870385,False
HA_full,19,128,0.7016897967547155,False,False,2,620,0.001,True,0.0073,True
HA_full,20,131,0.07408203025083902,False,False,2,620,0.912,False,1.0,False
HA_full,21,137,0.15905746714902125,False,False,2,442,0.069,False,0.219,False
HA_full,22,139,0.09276344933160938,False,False,2,620,0.205,False,0.502412,False
HA_full,23,140,,False,False,1,620,,False,,False
HA_full,24,143,0.06936405383277,False,True,2,620,0.654,False,1.0,False
HA_full,25,145,0.07408203025083902,False,False,2,620,0.904,False,1.0,False
HA_full,26,147,0.09206893669941754,False,False,2,574,0.211,False,0.502412,False
HA_full,27,148,0.032597660170923956,False,False,2,620,1.0,False,1.0,False
HA_full,28,150,0.1312934238506393,False,False,2,620,0.056,False,0.201619,False
HA_full,29,151,0.4530007969968559,False,False,2,620,0.001,True,0.0073,True
HA_full,30,159,0.393251458672093,False,False,2,620,0.003,True,0.019909,True
HA_full,31,171,1.0,False,False,2,41,1.0,False,1.0,False
HA_full,32,173,0.11674358836235701,False,False,2,620,0.062,False,0.205727,False
HA_full,33,174,0.032597660170923956,False,False,2,620,1.0,False,1.0,False
HA_full,34,175,0.49150892863647855,False,False,2,620,1.0,False,1.0,False
HA_full,35,180,0.08666635574650045,False,False,2,620,0.35,False,0.73,False
HA_full,36,182,0.16678902006361437,True,False,2,620,0.231,False,0.502412,False
HA_full,37,184,0.0737555534238023,False,False,2,620,0.843,False,1.0,False
HA_full,38,186,0.7855131985655593,False,False,2,620,0.632,False,1.0,False
HA_full,39,187,0.06535388236041632,False,False,2,620,0.949,False,1.0,False
HA_full,40,214,0.22086603558469667,False,False,2,620,0.016,True,0.083429,False
HA_full,41,215,0.5204234233829919,False,False,2,620,0.001,True,0.0073,True
HA_full,42,217,,False,False,1,620,,False,,False
HA_full,43,229,,False,False,1,620,,False,,False
HA_full,44,231,0.3322411735210348,False,False,2,620,0.001,True,0.0073,True
HA_full,45,233,0.15882003812739204,False,False,2,620,0.578,False,1.0,False
HA_full,46,236,0.1048525412489698,False,False,2,620,0.799,False,1.0,False
HA_full,47,257,0.19809898814474686,False,False,2,620,0.44,False,0.868108,False
HA_full,48,259,0.1312934238506393,False,False,2,620,0.052,False,0.199789,False
HA_full,49,279,0.15622111565623484,False,False,2,620,0.019,True,0.09125,False
HA_full,50,280,0.1609312034614297,False,False,2,620,0.022,True,0.094471,False
HA_full,51,281,0.28010629122992947,False,True,2,620,0.001,True,0.0073,True
HA_full,52,282,0.1312934238506393,False,False,2,620,0.044,True,0.178444,False
HA_full,53,283,0.15871577976143653,False,False,3,620,0.008,True,0.044923,True
HA_full,54,287,0.032597660170923956,False,False,2,620,1.0,False,1.0,False
HA_full,55,289,0.032597660170923956,False,False,2,620,1.0,False,1.0,False
HA_full,56,290,0.05655223818360025,False,False,2,620,0.565,False,1.0,False
HA_full,57,295,0.4502360129361564,False,False,2,620,0.001,True,0.0073,True
HA_full,58,297,0.6784738069425064,False,False,2,620,0.001,True,0.0073,True
HA_full,59,304,0.1312934238506393,False,False,2,620,0.058,False,0.201619,False
HA_full,60,308,0.30798419493594914,False,False,2,620,0.001,True,0.0073,True
HA_full,61,342,0.8045694852714895,False,False,2,620,0.139,False,0.40588,False
HA_full,62,361,,False,False,1,620,,False,,False
HA_full,63,405,0.04613733581704848,False,False,2,620,0.976,False,1.0,False
HA_full,64,429,0.032597660170923956,False,False,2,620,1.0,False,1.0,False
HA_full,65,440,0.15609950122908306,False,False,2,620,1.0,False,1.0,False
HA_full,66,441,0.8105737340829511,False,False,2,620,1.0,False,1.0,False
HA_full,67,477,0.09276344933160938,False,False,2,620,0.224,False,0.502412,False
HA_full,68,483,0.1040089019575953,False,False,2,620,1.0,False,1.0,False
HA_full,69,503,0.04613733581704848,False,False,2,620,0.974,False,1.0,False
HA_full,70,511,0.056776150347953344,False,False,2,620,0.403,False,0.817194,False
HA_full,71,512,0.0461431140675715,False,False,2,620,0.95,False,1.0,False
HA_full,72,514,0.09276344933160938,False,False,2,620,0.21,False,0.502412,False
HA_full,73,519,0.15903353920516644,False,True,2,620,0.004,True,0.024333,True
HA_full,74,527,0.07408203025083902,False,False,2,620,0.911,False,1.0,False
HA_full,75,535,0.12279893707824513,False,False,2,620,1.0,False,1.0,False
HA_full,76,569,0.14173827411647671,False,False,2,619,0.92,False,1.0,False
HA_full,77,570,,True,False,1,619,,False,,False
HA_full,78,571,0.09274950196232482,False,False,2,619,0.211,False,0.502412,False
HA_full,79,576,0.1618423763010849,False,False,2,617,0.02,True,0.09125,False
HA_full,80,579,,False,False,1,615,,False,,False
