protein,feature_set,model,true,predicted,count
PB2_polymerase,strain_only,RandomForest,Avian,Avian,56
PB2_polymerase,strain_only,RandomForest,Avian,Human,0
PB2_polymerase,strain_only,RandomForest,Avian,Swine,6
PB2_polymerase,strain_only,RandomForest,Human,Avian,33
PB2_polymerase,strain_only,RandomForest,Human,Human,0
PB2_polymerase,strain_only,RandomForest,Human,Swine,94
PB2_polymerase,strain_only,RandomForest,Swine,Avian,4
PB2_polymerase,strain_only,RandomForest,Swine,Human,0
PB2_polymerase,strain_only,RandomForest,Swine,Swine,61
PB2_polymerase,strain_only,LogisticReg,Avian,Avian,56
PB2_polymerase,strain_only,LogisticReg,Avian,Human,0
PB2_polymerase,strain_only,LogisticReg,Avian,Swine,6
PB2_polymerase,strain_only,LogisticReg,Human,Avian,33
PB2_polymerase,strain_only,LogisticReg,Human,Human,0
PB2_polymerase,strain_only,LogisticReg,Human,Swine,94
PB2_polymerase,strain_only,LogisticReg,Swine,Avian,4
PB2_polymerase,strain_only,LogisticReg,Swine,Human,0
PB2_polymerase,strain_only,LogisticReg,Swine,Swine,61
PB2_polymerase,ptm_all,RandomForest,Avian,Avian,51
PB2_polymerase,ptm_all,RandomForest,Avian,Human,9
PB2_polymerase,ptm_all,RandomForest,Avian,Swine,2
PB2_polymerase,ptm_all,RandomForest,Human,Avian,12
PB2_polymerase,ptm_all,RandomForest,Human,Human,113
PB2_polymerase,ptm_all,RandomForest,Human,Swine,2
PB2_polymerase,ptm_all,RandomForest,Swine,Avian,5
PB2_polymerase,ptm_all,RandomForest,Swine,Human,27
PB2_polymerase,ptm_all,RandomForest,Swine,Swine,33
PB2_polymerase,ptm_plus_strain_all,RandomForest,Avian,Avian,52
PB2_polymerase,ptm_plus_strain_all,RandomForest,Avian,Human,8
PB2_polymerase,ptm_plus_strain_all,RandomForest,Avian,Swine,2
PB2_polymerase,ptm_plus_strain_all,RandomForest,Human,Avian,11
PB2_polymerase,ptm_plus_strain_all,RandomForest,Human,Human,113
PB2_polymerase,ptm_plus_strain_all,RandomForest,Human,Swine,3
PB2_polymerase,ptm_plus_strain_all,RandomForest,Swine,Avian,4
PB2_polymerase,ptm_plus_strain_all,RandomForest,Swine,Human,26
PB2_polymerase,ptm_plus_strain_all,RandomForest,Swine,Swine,35
PB2_polymerase,ptm_all,LogisticReg,Avian,Avian,47
PB2_polymerase,ptm_all,LogisticReg,Avian,Human,13
PB2_polymerase,ptm_all,LogisticReg,Avian,Swine,2
PB2_polymerase,ptm_all,LogisticReg,Human,Avian,21
PB2_polymerase,ptm_all,LogisticReg,Human,Human,102
PB2_polymerase,ptm_all,LogisticReg,Human,Swine,4
PB2_polymerase,ptm_all,LogisticReg,Swine,Avian,5
PB2_polymerase,ptm_all,LogisticReg,Swine,Human,27
PB2_polymerase,ptm_all,LogisticReg,Swine,Swine,33
PB2_polymerase,ptm_plus_strain_all,LogisticReg,Avian,Avian,44
PB2_polymerase,ptm_plus_strain_all,LogisticReg,Avian,Human,11
PB2_polymerase,ptm_plus_strain_all,LogisticReg,Avian,Swine,7
PB2_polymerase,ptm_plus_strain_all,LogisticReg,Human,Avian,18
PB2_polymerase,ptm_plus_strain_all,LogisticReg,Human,Human,105
PB2_polymerase,ptm_plus_strain_all,LogisticReg,Human,Swine,4
PB2_polymerase,ptm_plus_strain_all,LogisticReg,Swine,Avian,4
PB2_polymerase,ptm_plus_strain_all,LogisticReg,Swine,Human,28
PB2_polymerase,ptm_plus_strain_all,LogisticReg,Swine,Swine,33
PB2_polymerase,ptm_fast,RandomForest,Avian,Avian,13
PB2_polymerase,ptm_fast,RandomForest,Avian,Human,49
PB2_polymerase,ptm_fast,RandomForest,Avian,Swine,0
PB2_polymerase,ptm_fast,RandomForest,Human,Avian,25
PB2_polymerase,ptm_fast,RandomForest,Human,Human,101
PB2_polymerase,ptm_fast,RandomForest,Human,Swine,1
PB2_polymerase,ptm_fast,RandomForest,Swine,Avian,12
PB2_polymerase,ptm_fast,RandomForest,Swine,Human,53
PB2_polymerase,ptm_fast,RandomForest,Swine,Swine,0
PB2_polymerase,ptm_plus_strain_fast,RandomForest,Avian,Avian,56
PB2_polymerase,ptm_plus_strain_fast,RandomForest,Avian,Human,0
PB2_polymerase,ptm_plus_strain_fast,RandomForest,Avian,Swine,6
PB2_polymerase,ptm_plus_strain_fast,RandomForest,Human,Avian,33
PB2_polymerase,ptm_plus_strain_fast,RandomForest,Human,Human,0
PB2_polymerase,ptm_plus_strain_fast,RandomForest,Human,Swine,94
PB2_polymerase,ptm_plus_strain_fast,RandomForest,Swine,Avian,4
PB2_polymerase,ptm_plus_strain_fast,RandomForest,Swine,Human,1
PB2_polymerase,ptm_plus_strain_fast,RandomForest,Swine,Swine,60
PB2_polymerase,ptm_fast,LogisticReg,Avian,Avian,13
PB2_polymerase,ptm_fast,LogisticReg,Avian,Human,49
PB2_polymerase,ptm_fast,LogisticReg,Avian,Swine,0
PB2_polymerase,ptm_fast,LogisticReg,Human,Avian,25
PB2_polymerase,ptm_fast,LogisticReg,Human,Human,101
PB2_polymerase,ptm_fast,LogisticReg,Human,Swine,1
PB2_polymerase,ptm_fast,LogisticReg,Swine,Avian,12
PB2_polymerase,ptm_fast,LogisticReg,Swine,Human,53
PB2_polymerase,ptm_fast,LogisticReg,Swine,Swine,0
PB2_polymerase,ptm_plus_strain_fast,LogisticReg,Avian,Avian,56
PB2_polymerase,ptm_plus_strain_fast,LogisticReg,Avian,Human,0
PB2_polymerase,ptm_plus_strain_fast,LogisticReg,Avian,Swine,6
PB2_polymerase,ptm_plus_strain_fast,LogisticReg,Human,Avian,32
PB2_polymerase,ptm_plus_strain_fast,LogisticReg,Human,Human,1
PB2_polymerase,ptm_plus_strain_fast,LogisticReg,Human,Swine,94
PB2_polymerase,ptm_plus_strain_fast,LogisticReg,Swine,Avian,4
PB2_polymerase,ptm_plus_strain_fast,LogisticReg,Swine,Human,1
PB2_polymerase,ptm_plus_strain_fast,LogisticReg,Swine,Swine,60
PB1_polymerase,strain_only,RandomForest,Avian,Avian,52
PB1_polymerase,strain_only,RandomForest,Avian,Human,5
PB1_polymerase,strain_only,RandomForest,Avian,Swine,3
PB1_polymerase,strain_only,RandomForest,Human,Avian,32
PB1_polymerase,strain_only,RandomForest,Human,Human,5
PB1_polymerase,strain_only,RandomForest,Human,Swine,77
PB1_polymerase,strain_only,RandomForest,Swine,Avian,4
PB1_polymerase,strain_only,RandomForest,Swine,Human,0
PB1_polymerase,strain_only,RandomForest,Swine,Swine,57
PB1_polymerase,strain_only,LogisticReg,Avian,Avian,52
PB1_polymerase,strain_only,LogisticReg,Avian,Human,5
PB1_polymerase,strain_only,LogisticReg,Avian,Swine,3
PB1_polymerase,strain_only,LogisticReg,Human,Avian,32
PB1_polymerase,strain_only,LogisticReg,Human,Human,5
PB1_polymerase,strain_only,LogisticReg,Human,Swine,77
PB1_polymerase,strain_only,LogisticReg,Swine,Avian,4
PB1_polymerase,strain_only,LogisticReg,Swine,Human,0
PB1_polymerase,strain_only,LogisticReg,Swine,Swine,57
PB1_polymerase,ptm_all,RandomForest,Avian,Avian,40
PB1_polymerase,ptm_all,RandomForest,Avian,Human,19
PB1_polymerase,ptm_all,RandomForest,Avian,Swine,1
PB1_polymerase,ptm_all,RandomForest,Human,Avian,16
PB1_polymerase,ptm_all,RandomForest,Human,Human,96
PB1_polymerase,ptm_all,RandomForest,Human,Swine,2
PB1_polymerase,ptm_all,RandomForest,Swine,Avian,7
PB1_polymerase,ptm_all,RandomForest,Swine,Human,51
PB1_polymerase,ptm_all,RandomForest,Swine,Swine,3
PB1_polymerase,ptm_plus_strain_all,RandomForest,Avian,Avian,52
PB1_polymerase,ptm_plus_strain_all,RandomForest,Avian,Human,8
PB1_polymerase,ptm_plus_strain_all,RandomForest,Avian,Swine,0
PB1_polymerase,ptm_plus_strain_all,RandomForest,Human,Avian,21
PB1_polymerase,ptm_plus_strain_all,RandomForest,Human,Human,16
PB1_polymerase,ptm_plus_strain_all,RandomForest,Human,Swine,77
PB1_polymerase,ptm_plus_strain_all,RandomForest,Swine,Avian,4
PB1_polymerase,ptm_plus_strain_all,RandomForest,Swine,Human,2
PB1_polymerase,ptm_plus_strain_all,RandomForest,Swine,Swine,55
PB1_polymerase,ptm_all,LogisticReg,Avian,Avian,40
PB1_polymerase,ptm_all,LogisticReg,Avian,Human,19
PB1_polymerase,ptm_all,LogisticReg,Avian,Swine,1
PB1_polymerase,ptm_all,LogisticReg,Human,Avian,15
PB1_polymerase,ptm_all,LogisticReg,Human,Human,96
PB1_polymerase,ptm_all,LogisticReg,Human,Swine,3
PB1_polymerase,ptm_all,LogisticReg,Swine,Avian,6
PB1_polymerase,ptm_all,LogisticReg,Swine,Human,51
PB1_polymerase,ptm_all,LogisticReg,Swine,Swine,4
PB1_polymerase,ptm_plus_strain_all,LogisticReg,Avian,Avian,49
PB1_polymerase,ptm_plus_strain_all,LogisticReg,Avian,Human,10
PB1_polymerase,ptm_plus_strain_all,LogisticReg,Avian,Swine,1
PB1_polymerase,ptm_plus_strain_all,LogisticReg,Human,Avian,17
PB1_polymerase,ptm_plus_strain_all,LogisticReg,Human,Human,20
PB1_polymerase,ptm_plus_strain_all,LogisticReg,Human,Swine,77
PB1_polymerase,ptm_plus_strain_all,LogisticReg,Swine,Avian,4
PB1_polymerase,ptm_plus_strain_all,LogisticReg,Swine,Human,5
PB1_polymerase,ptm_plus_strain_all,LogisticReg,Swine,Swine,52
PB1_polymerase,ptm_slow,RandomForest,Avian,Avian,6
PB1_polymerase,ptm_slow,RandomForest,Avian,Human,53
PB1_polymerase,ptm_slow,RandomForest,Avian,Swine,1
PB1_polymerase,ptm_slow,RandomForest,Human,Avian,0
PB1_polymerase,ptm_slow,RandomForest,Human,Human,113
PB1_polymerase,ptm_slow,RandomForest,Human,Swine,1
PB1_polymerase,ptm_slow,RandomForest,Swine,Avian,1
PB1_polymerase,ptm_slow,RandomForest,Swine,Human,59
PB1_polymerase,ptm_slow,RandomForest,Swine,Swine,1
PB1_polymerase,ptm_plus_strain_slow,RandomForest,Avian,Avian,48
PB1_polymerase,ptm_plus_strain_slow,RandomForest,Avian,Human,8
PB1_polymerase,ptm_plus_strain_slow,RandomForest,Avian,Swine,4
PB1_polymerase,ptm_plus_strain_slow,RandomForest,Human,Avian,15
PB1_polymerase,ptm_plus_strain_slow,RandomForest,Human,Human,22
PB1_polymerase,ptm_plus_strain_slow,RandomForest,Human,Swine,77
PB1_polymerase,ptm_plus_strain_slow,RandomForest,Swine,Avian,4
PB1_polymerase,ptm_plus_strain_slow,RandomForest,Swine,Human,0
PB1_polymerase,ptm_plus_strain_slow,RandomForest,Swine,Swine,57
PB1_polymerase,ptm_slow,LogisticReg,Avian,Avian,6
PB1_polymerase,ptm_slow,LogisticReg,Avian,Human,42
PB1_polymerase,ptm_slow,LogisticReg,Avian,Swine,12
PB1_polymerase,ptm_slow,LogisticReg,Human,Avian,0
PB1_polymerase,ptm_slow,LogisticReg,Human,Human,90
PB1_polymerase,ptm_slow,LogisticReg,Human,Swine,24
PB1_polymerase,ptm_slow,LogisticReg,Swine,Avian,1
PB1_polymerase,ptm_slow,LogisticReg,Swine,Human,48
PB1_polymerase,ptm_slow,LogisticReg,Swine,Swine,12
PB1_polymerase,ptm_plus_strain_slow,LogisticReg,Avian,Avian,48
PB1_polymerase,ptm_plus_strain_slow,LogisticReg,Avian,Human,8
PB1_polymerase,ptm_plus_strain_slow,LogisticReg,Avian,Swine,4
PB1_polymerase,ptm_plus_strain_slow,LogisticReg,Human,Avian,15
PB1_polymerase,ptm_plus_strain_slow,LogisticReg,Human,Human,21
PB1_polymerase,ptm_plus_strain_slow,LogisticReg,Human,Swine,78
PB1_polymerase,ptm_plus_strain_slow,LogisticReg,Swine,Avian,4
PB1_polymerase,ptm_plus_strain_slow,LogisticReg,Swine,Human,0
PB1_polymerase,ptm_plus_strain_slow,LogisticReg,Swine,Swine,57
PB1-F2_protein,strain_only,RandomForest,Avian,Avian,27
PB1-F2_protein,strain_only,RandomForest,Avian,Human,14
PB1-F2_protein,strain_only,RandomForest,Human,Avian,5
PB1-F2_protein,strain_only,RandomForest,Human,Human,17
PB1-F2_protein,strain_only,LogisticReg,Avian,Avian,27
PB1-F2_protein,strain_only,LogisticReg,Avian,Human,14
PB1-F2_protein,strain_only,LogisticReg,Human,Avian,5
PB1-F2_protein,strain_only,LogisticReg,Human,Human,17
PB1-F2_protein,ptm_all,RandomForest,Avian,Avian,34
PB1-F2_protein,ptm_all,RandomForest,Avian,Human,7
PB1-F2_protein,ptm_all,RandomForest,Human,Avian,6
PB1-F2_protein,ptm_all,RandomForest,Human,Human,16
PB1-F2_protein,ptm_plus_strain_all,RandomForest,Avian,Avian,34
PB1-F2_protein,ptm_plus_strain_all,RandomForest,Avian,Human,7
PB1-F2_protein,ptm_plus_strain_all,RandomForest,Human,Avian,4
PB1-F2_protein,ptm_plus_strain_all,RandomForest,Human,Human,18
PB1-F2_protein,ptm_all,LogisticReg,Avian,Avian,36
PB1-F2_protein,ptm_all,LogisticReg,Avian,Human,5
PB1-F2_protein,ptm_all,LogisticReg,Human,Avian,6
PB1-F2_protein,ptm_all,LogisticReg,Human,Human,16
PB1-F2_protein,ptm_plus_strain_all,LogisticReg,Avian,Avian,34
PB1-F2_protein,ptm_plus_strain_all,LogisticReg,Avian,Human,7
PB1-F2_protein,ptm_plus_strain_all,LogisticReg,Human,Avian,6
PB1-F2_protein,ptm_plus_strain_all,LogisticReg,Human,Human,16
PB1-F2_protein,ptm_slow,RandomForest,Avian,Avian,17
PB1-F2_protein,ptm_slow,RandomForest,Avian,Human,24
PB1-F2_protein,ptm_slow,RandomForest,Human,Avian,11
PB1-F2_protein,ptm_slow,RandomForest,Human,Human,11
PB1-F2_protein,ptm_plus_strain_slow,RandomForest,Avian,Avian,26
PB1-F2_protein,ptm_plus_strain_slow,RandomForest,Avian,Human,15
PB1-F2_protein,ptm_plus_strain_slow,RandomForest,Human,Avian,6
PB1-F2_protein,ptm_plus_strain_slow,RandomForest,Human,Human,16
PB1-F2_protein,ptm_slow,LogisticReg,Avian,Avian,25
PB1-F2_protein,ptm_slow,LogisticReg,Avian,Human,16
PB1-F2_protein,ptm_slow,LogisticReg,Human,Avian,17
PB1-F2_protein,ptm_slow,LogisticReg,Human,Human,5
PB1-F2_protein,ptm_plus_strain_slow,LogisticReg,Avian,Avian,28
PB1-F2_protein,ptm_plus_strain_slow,LogisticReg,Avian,Human,13
PB1-F2_protein,ptm_plus_strain_slow,LogisticReg,Human,Avian,8
PB1-F2_protein,ptm_plus_strain_slow,LogisticReg,Human,Human,14
PA_polymerase,strain_only,RandomForest,Avian,Avian,53
PA_polymerase,strain_only,RandomForest,Avian,Human,0
PA_polymerase,strain_only,RandomForest,Avian,Swine,6
PA_polymerase,strain_only,RandomForest,Human,Avian,24
PA_polymerase,strain_only,RandomForest,Human,Human,0
PA_polymerase,strain_only,RandomForest,Human,Swine,104
PA_polymerase,strain_only,RandomForest,Swine,Avian,2
PA_polymerase,strain_only,RandomForest,Swine,Human,0
PA_polymerase,strain_only,RandomForest,Swine,Swine,57
PA_polymerase,strain_only,LogisticReg,Avian,Avian,53
PA_polymerase,strain_only,LogisticReg,Avian,Human,0
PA_polymerase,strain_only,LogisticReg,Avian,Swine,6
PA_polymerase,strain_only,LogisticReg,Human,Avian,24
PA_polymerase,strain_only,LogisticReg,Human,Human,0
PA_polymerase,strain_only,LogisticReg,Human,Swine,104
PA_polymerase,strain_only,LogisticReg,Swine,Avian,2
PA_polymerase,strain_only,LogisticReg,Swine,Human,0
PA_polymerase,strain_only,LogisticReg,Swine,Swine,57
PA_polymerase,ptm_all,RandomForest,Avian,Avian,18
PA_polymerase,ptm_all,RandomForest,Avian,Human,39
PA_polymerase,ptm_all,RandomForest,Avian,Swine,2
PA_polymerase,ptm_all,RandomForest,Human,Avian,10
PA_polymerase,ptm_all,RandomForest,Human,Human,116
PA_polymerase,ptm_all,RandomForest,Human,Swine,2
PA_polymerase,ptm_all,RandomForest,Swine,Avian,3
PA_polymerase,ptm_all,RandomForest,Swine,Human,31
PA_polymerase,ptm_all,RandomForest,Swine,Swine,25
PA_polymerase,ptm_plus_strain_all,RandomForest,Avian,Avian,47
PA_polymerase,ptm_plus_strain_all,RandomForest,Avian,Human,12
PA_polymerase,ptm_plus_strain_all,RandomForest,Avian,Swine,0
PA_polymerase,ptm_plus_strain_all,RandomForest,Human,Avian,9
PA_polymerase,ptm_plus_strain_all,RandomForest,Human,Human,118
PA_polymerase,ptm_plus_strain_all,RandomForest,Human,Swine,1
PA_polymerase,ptm_plus_strain_all,RandomForest,Swine,Avian,2
PA_polymerase,ptm_plus_strain_all,RandomForest,Swine,Human,32
PA_polymerase,ptm_plus_strain_all,RandomForest,Swine,Swine,25
PA_polymerase,ptm_all,LogisticReg,Avian,Avian,18
PA_polymerase,ptm_all,LogisticReg,Avian,Human,39
PA_polymerase,ptm_all,LogisticReg,Avian,Swine,2
PA_polymerase,ptm_all,LogisticReg,Human,Avian,12
PA_polymerase,ptm_all,LogisticReg,Human,Human,115
PA_polymerase,ptm_all,LogisticReg,Human,Swine,1
PA_polymerase,ptm_all,LogisticReg,Swine,Avian,4
PA_polymerase,ptm_all,LogisticReg,Swine,Human,31
PA_polymerase,ptm_all,LogisticReg,Swine,Swine,24
PA_polymerase,ptm_plus_strain_all,LogisticReg,Avian,Avian,47
PA_polymerase,ptm_plus_strain_all,LogisticReg,Avian,Human,12
PA_polymerase,ptm_plus_strain_all,LogisticReg,Avian,Swine,0
PA_polymerase,ptm_plus_strain_all,LogisticReg,Human,Avian,17
PA_polymerase,ptm_plus_strain_all,LogisticReg,Human,Human,105
PA_polymerase,ptm_plus_strain_all,LogisticReg,Human,Swine,6
PA_polymerase,ptm_plus_strain_all,LogisticReg,Swine,Avian,2
PA_polymerase,ptm_plus_strain_all,LogisticReg,Swine,Human,32
PA_polymerase,ptm_plus_strain_all,LogisticReg,Swine,Swine,25
PA_polymerase,ptm_fast,RandomForest,Avian,Avian,24
PA_polymerase,ptm_fast,RandomForest,Avian,Human,35
PA_polymerase,ptm_fast,RandomForest,Avian,Swine,0
PA_polymerase,ptm_fast,RandomForest,Human,Avian,51
PA_polymerase,ptm_fast,RandomForest,Human,Human,77
PA_polymerase,ptm_fast,RandomForest,Human,Swine,0
PA_polymerase,ptm_fast,RandomForest,Swine,Avian,23
PA_polymerase,ptm_fast,RandomForest,Swine,Human,36
PA_polymerase,ptm_fast,RandomForest,Swine,Swine,0
PA_polymerase,ptm_plus_strain_fast,RandomForest,Avian,Avian,53
PA_polymerase,ptm_plus_strain_fast,RandomForest,Avian,Human,0
PA_polymerase,ptm_plus_strain_fast,RandomForest,Avian,Swine,6
PA_polymerase,ptm_plus_strain_fast,RandomForest,Human,Avian,24
PA_polymerase,ptm_plus_strain_fast,RandomForest,Human,Human,0
PA_polymerase,ptm_plus_strain_fast,RandomForest,Human,Swine,104
PA_polymerase,ptm_plus_strain_fast,RandomForest,Swine,Avian,2
PA_polymerase,ptm_plus_strain_fast,RandomForest,Swine,Human,0
PA_polymerase,ptm_plus_strain_fast,RandomForest,Swine,Swine,57
PA_polymerase,ptm_fast,LogisticReg,Avian,Avian,23
PA_polymerase,ptm_fast,LogisticReg,Avian,Human,36
PA_polymerase,ptm_fast,LogisticReg,Avian,Swine,0
PA_polymerase,ptm_fast,LogisticReg,Human,Avian,52
PA_polymerase,ptm_fast,LogisticReg,Human,Human,76
PA_polymerase,ptm_fast,LogisticReg,Human,Swine,0
PA_polymerase,ptm_fast,LogisticReg,Swine,Avian,23
PA_polymerase,ptm_fast,LogisticReg,Swine,Human,36
PA_polymerase,ptm_fast,LogisticReg,Swine,Swine,0
PA_polymerase,ptm_plus_strain_fast,LogisticReg,Avian,Avian,53
PA_polymerase,ptm_plus_strain_fast,LogisticReg,Avian,Human,0
PA_polymerase,ptm_plus_strain_fast,LogisticReg,Avian,Swine,6
PA_polymerase,ptm_plus_strain_fast,LogisticReg,Human,Avian,24
PA_polymerase,ptm_plus_strain_fast,LogisticReg,Human,Human,0
PA_polymerase,ptm_plus_strain_fast,LogisticReg,Human,Swine,104
PA_polymerase,ptm_plus_strain_fast,LogisticReg,Swine,Avian,2
PA_polymerase,ptm_plus_strain_fast,LogisticReg,Swine,Human,0
PA_polymerase,ptm_plus_strain_fast,LogisticReg,Swine,Swine,57
PA-X_protein,strain_only,RandomForest,Avian,Avian,12
PA-X_protein,strain_only,RandomForest,Avian,Human,8
PA-X_protein,strain_only,RandomForest,Human,Avian,11
PA-X_protein,strain_only,RandomForest,Human,Human,47
PA-X_protein,strain_only,LogisticReg,Avian,Avian,14
PA-X_protein,strain_only,LogisticReg,Avian,Human,6
PA-X_protein,strain_only,LogisticReg,Human,Avian,15
PA-X_protein,strain_only,LogisticReg,Human,Human,43
PA-X_protein,ptm_all,RandomForest,Avian,Avian,18
PA-X_protein,ptm_all,RandomForest,Avian,Human,2
PA-X_protein,ptm_all,RandomForest,Human,Avian,8
PA-X_protein,ptm_all,RandomForest,Human,Human,50
PA-X_protein,ptm_plus_strain_all,RandomForest,Avian,Avian,17
PA-X_protein,ptm_plus_strain_all,RandomForest,Avian,Human,3
PA-X_protein,ptm_plus_strain_all,RandomForest,Human,Avian,3
PA-X_protein,ptm_plus_strain_all,RandomForest,Human,Human,55
PA-X_protein,ptm_all,LogisticReg,Avian,Avian,20
PA-X_protein,ptm_all,LogisticReg,Avian,Human,0
PA-X_protein,ptm_all,LogisticReg,Human,Avian,18
PA-X_protein,ptm_all,LogisticReg,Human,Human,40
PA-X_protein,ptm_plus_strain_all,LogisticReg,Avian,Avian,17
PA-X_protein,ptm_plus_strain_all,LogisticReg,Avian,Human,3
PA-X_protein,ptm_plus_strain_all,LogisticReg,Human,Avian,8
PA-X_protein,ptm_plus_strain_all,LogisticReg,Human,Human,50
PA-X_protein,ptm_slow,RandomForest,Avian,Avian,18
PA-X_protein,ptm_slow,RandomForest,Avian,Human,2
PA-X_protein,ptm_slow,RandomForest,Human,Avian,21
PA-X_protein,ptm_slow,RandomForest,Human,Human,37
PA-X_protein,ptm_plus_strain_slow,RandomForest,Avian,Avian,15
PA-X_protein,ptm_plus_strain_slow,RandomForest,Avian,Human,5
PA-X_protein,ptm_plus_strain_slow,RandomForest,Human,Avian,17
PA-X_protein,ptm_plus_strain_slow,RandomForest,Human,Human,41
PA-X_protein,ptm_slow,LogisticReg,Avian,Avian,20
PA-X_protein,ptm_slow,LogisticReg,Avian,Human,0
PA-X_protein,ptm_slow,LogisticReg,Human,Avian,22
PA-X_protein,ptm_slow,LogisticReg,Human,Human,36
PA-X_protein,ptm_plus_strain_slow,LogisticReg,Avian,Avian,18
PA-X_protein,ptm_plus_strain_slow,LogisticReg,Avian,Human,2
PA-X_protein,ptm_plus_strain_slow,LogisticReg,Human,Avian,20
PA-X_protein,ptm_plus_strain_slow,LogisticReg,Human,Human,38
NP_protein,strain_only,RandomForest,Avian,Avian,63
NP_protein,strain_only,RandomForest,Avian,Human,0
NP_protein,strain_only,RandomForest,Avian,Swine,6
NP_protein,strain_only,RandomForest,Human,Avian,32
NP_protein,strain_only,RandomForest,Human,Human,0
NP_protein,strain_only,RandomForest,Human,Swine,110
NP_protein,strain_only,RandomForest,Swine,Avian,4
NP_protein,strain_only,RandomForest,Swine,Human,0
NP_protein,strain_only,RandomForest,Swine,Swine,64
NP_protein,strain_only,LogisticReg,Avian,Avian,63
NP_protein,strain_only,LogisticReg,Avian,Human,0
NP_protein,strain_only,LogisticReg,Avian,Swine,6
NP_protein,strain_only,LogisticReg,Human,Avian,32
NP_protein,strain_only,LogisticReg,Human,Human,0
NP_protein,strain_only,LogisticReg,Human,Swine,110
NP_protein,strain_only,LogisticReg,Swine,Avian,4
NP_protein,strain_only,LogisticReg,Swine,Human,0
NP_protein,strain_only,LogisticReg,Swine,Swine,64
NP_protein,ptm_all,RandomForest,Avian,Avian,65
NP_protein,ptm_all,RandomForest,Avian,Human,1
NP_protein,ptm_all,RandomForest,Avian,Swine,3
NP_protein,ptm_all,RandomForest,Human,Avian,26
NP_protein,ptm_all,RandomForest,Human,Human,112
NP_protein,ptm_all,RandomForest,Human,Swine,4
NP_protein,ptm_all,RandomForest,Swine,Avian,6
NP_protein,ptm_all,RandomForest,Swine,Human,31
NP_protein,ptm_all,RandomForest,Swine,Swine,31
NP_protein,ptm_plus_strain_all,RandomForest,Avian,Avian,68
NP_protein,ptm_plus_strain_all,RandomForest,Avian,Human,1
NP_protein,ptm_plus_strain_all,RandomForest,Avian,Swine,0
NP_protein,ptm_plus_strain_all,RandomForest,Human,Avian,27
NP_protein,ptm_plus_strain_all,RandomForest,Human,Human,113
NP_protein,ptm_plus_strain_all,RandomForest,Human,Swine,2
NP_protein,ptm_plus_strain_all,RandomForest,Swine,Avian,4
NP_protein,ptm_plus_strain_all,RandomForest,Swine,Human,30
NP_protein,ptm_plus_strain_all,RandomForest,Swine,Swine,34
NP_protein,ptm_all,LogisticReg,Avian,Avian,65
NP_protein,ptm_all,LogisticReg,Avian,Human,1
NP_protein,ptm_all,LogisticReg,Avian,Swine,3
NP_protein,ptm_all,LogisticReg,Human,Avian,26
NP_protein,ptm_all,LogisticReg,Human,Human,110
NP_protein,ptm_all,LogisticReg,Human,Swine,6
NP_protein,ptm_all,LogisticReg,Swine,Avian,3
NP_protein,ptm_all,LogisticReg,Swine,Human,32
NP_protein,ptm_all,LogisticReg,Swine,Swine,33
NP_protein,ptm_plus_strain_all,LogisticReg,Avian,Avian,66
NP_protein,ptm_plus_strain_all,LogisticReg,Avian,Human,3
NP_protein,ptm_plus_strain_all,LogisticReg,Avian,Swine,0
NP_protein,ptm_plus_strain_all,LogisticReg,Human,Avian,27
NP_protein,ptm_plus_strain_all,LogisticReg,Human,Human,111
NP_protein,ptm_plus_strain_all,LogisticReg,Human,Swine,4
NP_protein,ptm_plus_strain_all,LogisticReg,Swine,Avian,4
NP_protein,ptm_plus_strain_all,LogisticReg,Swine,Human,31
NP_protein,ptm_plus_strain_all,LogisticReg,Swine,Swine,33
NP_protein,ptm_fast,RandomForest,Avian,Avian,24
NP_protein,ptm_fast,RandomForest,Avian,Human,42
NP_protein,ptm_fast,RandomForest,Avian,Swine,3
NP_protein,ptm_fast,RandomForest,Human,Avian,58
NP_protein,ptm_fast,RandomForest,Human,Human,80
NP_protein,ptm_fast,RandomForest,Human,Swine,4
NP_protein,ptm_fast,RandomForest,Swine,Avian,15
NP_protein,ptm_fast,RandomForest,Swine,Human,23
NP_protein,ptm_fast,RandomForest,Swine,Swine,30
NP_protein,ptm_plus_strain_fast,RandomForest,Avian,Avian,63
NP_protein,ptm_plus_strain_fast,RandomForest,Avian,Human,6
NP_protein,ptm_plus_strain_fast,RandomForest,Avian,Swine,0
NP_protein,ptm_plus_strain_fast,RandomForest,Human,Avian,32
NP_protein,ptm_plus_strain_fast,RandomForest,Human,Human,107
NP_protein,ptm_plus_strain_fast,RandomForest,Human,Swine,3
NP_protein,ptm_plus_strain_fast,RandomForest,Swine,Avian,4
NP_protein,ptm_plus_strain_fast,RandomForest,Swine,Human,34
NP_protein,ptm_plus_strain_fast,RandomForest,Swine,Swine,30
NP_protein,ptm_fast,LogisticReg,Avian,Avian,12
NP_protein,ptm_fast,LogisticReg,Avian,Human,54
NP_protein,ptm_fast,LogisticReg,Avian,Swine,3
NP_protein,ptm_fast,LogisticReg,Human,Avian,29
NP_protein,ptm_fast,LogisticReg,Human,Human,109
NP_protein,ptm_fast,LogisticReg,Human,Swine,4
NP_protein,ptm_fast,LogisticReg,Swine,Avian,8
NP_protein,ptm_fast,LogisticReg,Swine,Human,30
NP_protein,ptm_fast,LogisticReg,Swine,Swine,30
NP_protein,ptm_plus_strain_fast,LogisticReg,Avian,Avian,63
NP_protein,ptm_plus_strain_fast,LogisticReg,Avian,Human,6
NP_protein,ptm_plus_strain_fast,LogisticReg,Avian,Swine,0
NP_protein,ptm_plus_strain_fast,LogisticReg,Human,Avian,32
NP_protein,ptm_plus_strain_fast,LogisticReg,Human,Human,107
NP_protein,ptm_plus_strain_fast,LogisticReg,Human,Swine,3
NP_protein,ptm_plus_strain_fast,LogisticReg,Swine,Avian,4
NP_protein,ptm_plus_strain_fast,LogisticReg,Swine,Human,34
NP_protein,ptm_plus_strain_fast,LogisticReg,Swine,Swine,30
NA_neuraminidase,strain_only,RandomForest,Avian,Avian,101
NA_neuraminidase,strain_only,RandomForest,Avian,Human,0
NA_neuraminidase,strain_only,RandomForest,Avian,Swine,5
NA_neuraminidase,strain_only,RandomForest,Human,Avian,28
NA_neuraminidase,strain_only,RandomForest,Human,Human,0
NA_neuraminidase,strain_only,RandomForest,Human,Swine,235
NA_neuraminidase,strain_only,RandomForest,Swine,Avian,4
NA_neuraminidase,strain_only,RandomForest,Swine,Human,0
NA_neuraminidase,strain_only,RandomForest,Swine,Swine,102
NA_neuraminidase,strain_only,LogisticReg,Avian,Avian,101
NA_neuraminidase,strain_only,LogisticReg,Avian,Human,0
NA_neuraminidase,strain_only,LogisticReg,Avian,Swine,5
NA_neuraminidase,strain_only,LogisticReg,Human,Avian,28
NA_neuraminidase,strain_only,LogisticReg,Human,Human,0
NA_neuraminidase,strain_only,LogisticReg,Human,Swine,235
NA_neuraminidase,strain_only,LogisticReg,Swine,Avian,4
NA_neuraminidase,strain_only,LogisticReg,Swine,Human,0
NA_neuraminidase,strain_only,LogisticReg,Swine,Swine,102
NA_neuraminidase,ptm_all,RandomForest,Avian,Avian,95
NA_neuraminidase,ptm_all,RandomForest,Avian,Human,11
NA_neuraminidase,ptm_all,RandomForest,Avian,Swine,0
NA_neuraminidase,ptm_all,RandomForest,Human,Avian,26
NA_neuraminidase,ptm_all,RandomForest,Human,Human,203
NA_neuraminidase,ptm_all,RandomForest,Human,Swine,34
NA_neuraminidase,ptm_all,RandomForest,Swine,Avian,4
NA_neuraminidase,ptm_all,RandomForest,Swine,Human,42
NA_neuraminidase,ptm_all,RandomForest,Swine,Swine,60
NA_neuraminidase,ptm_plus_strain_all,RandomForest,Avian,Avian,97
NA_neuraminidase,ptm_plus_strain_all,RandomForest,Avian,Human,9
NA_neuraminidase,ptm_plus_strain_all,RandomForest,Avian,Swine,0
NA_neuraminidase,ptm_plus_strain_all,RandomForest,Human,Avian,26
NA_neuraminidase,ptm_plus_strain_all,RandomForest,Human,Human,207
NA_neuraminidase,ptm_plus_strain_all,RandomForest,Human,Swine,30
NA_neuraminidase,ptm_plus_strain_all,RandomForest,Swine,Avian,5
NA_neuraminidase,ptm_plus_strain_all,RandomForest,Swine,Human,42
NA_neuraminidase,ptm_plus_strain_all,RandomForest,Swine,Swine,59
NA_neuraminidase,ptm_all,LogisticReg,Avian,Avian,91
NA_neuraminidase,ptm_all,LogisticReg,Avian,Human,14
NA_neuraminidase,ptm_all,LogisticReg,Avian,Swine,1
NA_neuraminidase,ptm_all,LogisticReg,Human,Avian,26
NA_neuraminidase,ptm_all,LogisticReg,Human,Human,199
NA_neuraminidase,ptm_all,LogisticReg,Human,Swine,38
NA_neuraminidase,ptm_all,LogisticReg,Swine,Avian,4
NA_neuraminidase,ptm_all,LogisticReg,Swine,Human,42
NA_neuraminidase,ptm_all,LogisticReg,Swine,Swine,60
NA_neuraminidase,ptm_plus_strain_all,LogisticReg,Avian,Avian,93
NA_neuraminidase,ptm_plus_strain_all,LogisticReg,Avian,Human,13
NA_neuraminidase,ptm_plus_strain_all,LogisticReg,Avian,Swine,0
NA_neuraminidase,ptm_plus_strain_all,LogisticReg,Human,Avian,26
NA_neuraminidase,ptm_plus_strain_all,LogisticReg,Human,Human,223
NA_neuraminidase,ptm_plus_strain_all,LogisticReg,Human,Swine,14
NA_neuraminidase,ptm_plus_strain_all,LogisticReg,Swine,Avian,3
NA_neuraminidase,ptm_plus_strain_all,LogisticReg,Swine,Human,51
NA_neuraminidase,ptm_plus_strain_all,LogisticReg,Swine,Swine,52
NA_neuraminidase,ptm_fast,RandomForest,Avian,Avian,0
NA_neuraminidase,ptm_fast,RandomForest,Avian,Human,0
NA_neuraminidase,ptm_fast,RandomForest,Avian,Swine,106
NA_neuraminidase,ptm_fast,RandomForest,Human,Avian,0
NA_neuraminidase,ptm_fast,RandomForest,Human,Human,2
NA_neuraminidase,ptm_fast,RandomForest,Human,Swine,261
NA_neuraminidase,ptm_fast,RandomForest,Swine,Avian,0
NA_neuraminidase,ptm_fast,RandomForest,Swine,Human,0
NA_neuraminidase,ptm_fast,RandomForest,Swine,Swine,106
NA_neuraminidase,ptm_plus_strain_fast,RandomForest,Avian,Avian,101
NA_neuraminidase,ptm_plus_strain_fast,RandomForest,Avian,Human,0
NA_neuraminidase,ptm_plus_strain_fast,RandomForest,Avian,Swine,5
NA_neuraminidase,ptm_plus_strain_fast,RandomForest,Human,Avian,28
NA_neuraminidase,ptm_plus_strain_fast,RandomForest,Human,Human,2
NA_neuraminidase,ptm_plus_strain_fast,RandomForest,Human,Swine,233
NA_neuraminidase,ptm_plus_strain_fast,RandomForest,Swine,Avian,4
NA_neuraminidase,ptm_plus_strain_fast,RandomForest,Swine,Human,0
NA_neuraminidase,ptm_plus_strain_fast,RandomForest,Swine,Swine,102
NA_neuraminidase,ptm_fast,LogisticReg,Avian,Avian,21
NA_neuraminidase,ptm_fast,LogisticReg,Avian,Human,0
NA_neuraminidase,ptm_fast,LogisticReg,Avian,Swine,85
NA_neuraminidase,ptm_fast,LogisticReg,Human,Avian,52
NA_neuraminidase,ptm_fast,LogisticReg,Human,Human,2
NA_neuraminidase,ptm_fast,LogisticReg,Human,Swine,209
NA_neuraminidase,ptm_fast,LogisticReg,Swine,Avian,22
NA_neuraminidase,ptm_fast,LogisticReg,Swine,Human,0
NA_neuraminidase,ptm_fast,LogisticReg,Swine,Swine,84
NA_neuraminidase,ptm_plus_strain_fast,LogisticReg,Avian,Avian,101
NA_neuraminidase,ptm_plus_strain_fast,LogisticReg,Avian,Human,0
NA_neuraminidase,ptm_plus_strain_fast,LogisticReg,Avian,Swine,5
NA_neuraminidase,ptm_plus_strain_fast,LogisticReg,Human,Avian,28
NA_neuraminidase,ptm_plus_strain_fast,LogisticReg,Human,Human,2
NA_neuraminidase,ptm_plus_strain_fast,LogisticReg,Human,Swine,233
NA_neuraminidase,ptm_plus_strain_fast,LogisticReg,Swine,Avian,4
NA_neuraminidase,ptm_plus_strain_fast,LogisticReg,Swine,Human,0
NA_neuraminidase,ptm_plus_strain_fast,LogisticReg,Swine,Swine,102
M1_matrix_protein,strain_only,RandomForest,Avian,Avian,61
M1_matrix_protein,strain_only,RandomForest,Avian,Human,0
M1_matrix_protein,strain_only,RandomForest,Avian,Swine,6
M1_matrix_protein,strain_only,RandomForest,Human,Avian,28
M1_matrix_protein,strain_only,RandomForest,Human,Human,0
M1_matrix_protein,strain_only,RandomForest,Human,Swine,144
M1_matrix_protein,strain_only,RandomForest,Swine,Avian,3
M1_matrix_protein,strain_only,RandomForest,Swine,Human,0
M1_matrix_protein,strain_only,RandomForest,Swine,Swine,119
M1_matrix_protein,strain_only,LogisticReg,Avian,Avian,61
M1_matrix_protein,strain_only,LogisticReg,Avian,Human,0
M1_matrix_protein,strain_only,LogisticReg,Avian,Swine,6
M1_matrix_protein,strain_only,LogisticReg,Human,Avian,28
M1_matrix_protein,strain_only,LogisticReg,Human,Human,0
M1_matrix_protein,strain_only,LogisticReg,Human,Swine,144
M1_matrix_protein,strain_only,LogisticReg,Swine,Avian,3
M1_matrix_protein,strain_only,LogisticReg,Swine,Human,0
M1_matrix_protein,strain_only,LogisticReg,Swine,Swine,119
M1_matrix_protein,ptm_all,RandomForest,Avian,Avian,40
M1_matrix_protein,ptm_all,RandomForest,Avian,Human,8
M1_matrix_protein,ptm_all,RandomForest,Avian,Swine,19
M1_matrix_protein,ptm_all,RandomForest,Human,Avian,19
M1_matrix_protein,ptm_all,RandomForest,Human,Human,145
M1_matrix_protein,ptm_all,RandomForest,Human,Swine,8
M1_matrix_protein,ptm_all,RandomForest,Swine,Avian,6
M1_matrix_protein,ptm_all,RandomForest,Swine,Human,55
M1_matrix_protein,ptm_all,RandomForest,Swine,Swine,61
M1_matrix_protein,ptm_plus_strain_all,RandomForest,Avian,Avian,56
M1_matrix_protein,ptm_plus_strain_all,RandomForest,Avian,Human,6
M1_matrix_protein,ptm_plus_strain_all,RandomForest,Avian,Swine,5
M1_matrix_protein,ptm_plus_strain_all,RandomForest,Human,Avian,7
M1_matrix_protein,ptm_plus_strain_all,RandomForest,Human,Human,158
M1_matrix_protein,ptm_plus_strain_all,RandomForest,Human,Swine,7
M1_matrix_protein,ptm_plus_strain_all,RandomForest,Swine,Avian,3
M1_matrix_protein,ptm_plus_strain_all,RandomForest,Swine,Human,55
M1_matrix_protein,ptm_plus_strain_all,RandomForest,Swine,Swine,64
M1_matrix_protein,ptm_all,LogisticReg,Avian,Avian,40
M1_matrix_protein,ptm_all,LogisticReg,Avian,Human,8
M1_matrix_protein,ptm_all,LogisticReg,Avian,Swine,19
M1_matrix_protein,ptm_all,LogisticReg,Human,Avian,19
M1_matrix_protein,ptm_all,LogisticReg,Human,Human,144
M1_matrix_protein,ptm_all,LogisticReg,Human,Swine,9
M1_matrix_protein,ptm_all,LogisticReg,Swine,Avian,6
M1_matrix_protein,ptm_all,LogisticReg,Swine,Human,62
M1_matrix_protein,ptm_all,LogisticReg,Swine,Swine,54
M1_matrix_protein,ptm_plus_strain_all,LogisticReg,Avian,Avian,57
M1_matrix_protein,ptm_plus_strain_all,LogisticReg,Avian,Human,5
M1_matrix_protein,ptm_plus_strain_all,LogisticReg,Avian,Swine,5
M1_matrix_protein,ptm_plus_strain_all,LogisticReg,Human,Avian,19
M1_matrix_protein,ptm_plus_strain_all,LogisticReg,Human,Human,144
M1_matrix_protein,ptm_plus_strain_all,LogisticReg,Human,Swine,9
M1_matrix_protein,ptm_plus_strain_all,LogisticReg,Swine,Avian,3
M1_matrix_protein,ptm_plus_strain_all,LogisticReg,Swine,Human,56
M1_matrix_protein,ptm_plus_strain_all,LogisticReg,Swine,Swine,63
M1_matrix_protein,ptm_slow,RandomForest,Avian,Avian,1
M1_matrix_protein,ptm_slow,RandomForest,Avian,Human,7
M1_matrix_protein,ptm_slow,RandomForest,Avian,Swine,59
M1_matrix_protein,ptm_slow,RandomForest,Human,Avian,12
M1_matrix_protein,ptm_slow,RandomForest,Human,Human,9
M1_matrix_protein,ptm_slow,RandomForest,Human,Swine,151
M1_matrix_protein,ptm_slow,RandomForest,Swine,Avian,0
M1_matrix_protein,ptm_slow,RandomForest,Swine,Human,0
M1_matrix_protein,ptm_slow,RandomForest,Swine,Swine,122
M1_matrix_protein,ptm_plus_strain_slow,RandomForest,Avian,Avian,56
M1_matrix_protein,ptm_plus_strain_slow,RandomForest,Avian,Human,5
M1_matrix_protein,ptm_plus_strain_slow,RandomForest,Avian,Swine,6
M1_matrix_protein,ptm_plus_strain_slow,RandomForest,Human,Avian,7
M1_matrix_protein,ptm_plus_strain_slow,RandomForest,Human,Human,21
M1_matrix_protein,ptm_plus_strain_slow,RandomForest,Human,Swine,144
M1_matrix_protein,ptm_plus_strain_slow,RandomForest,Swine,Avian,3
M1_matrix_protein,ptm_plus_strain_slow,RandomForest,Swine,Human,0
M1_matrix_protein,ptm_plus_strain_slow,RandomForest,Swine,Swine,119
M1_matrix_protein,ptm_slow,LogisticReg,Avian,Avian,1
M1_matrix_protein,ptm_slow,LogisticReg,Avian,Human,7
M1_matrix_protein,ptm_slow,LogisticReg,Avian,Swine,59
M1_matrix_protein,ptm_slow,LogisticReg,Human,Avian,12
M1_matrix_protein,ptm_slow,LogisticReg,Human,Human,9
M1_matrix_protein,ptm_slow,LogisticReg,Human,Swine,151
M1_matrix_protein,ptm_slow,LogisticReg,Swine,Avian,0
M1_matrix_protein,ptm_slow,LogisticReg,Swine,Human,0
M1_matrix_protein,ptm_slow,LogisticReg,Swine,Swine,122
M1_matrix_protein,ptm_plus_strain_slow,LogisticReg,Avian,Avian,57
M1_matrix_protein,ptm_plus_strain_slow,LogisticReg,Avian,Human,4
M1_matrix_protein,ptm_plus_strain_slow,LogisticReg,Avian,Swine,6
M1_matrix_protein,ptm_plus_strain_slow,LogisticReg,Human,Avian,19
M1_matrix_protein,ptm_plus_strain_slow,LogisticReg,Human,Human,9
M1_matrix_protein,ptm_plus_strain_slow,LogisticReg,Human,Swine,144
M1_matrix_protein,ptm_plus_strain_slow,LogisticReg,Swine,Avian,3
M1_matrix_protein,ptm_plus_strain_slow,LogisticReg,Swine,Human,0
M1_matrix_protein,ptm_plus_strain_slow,LogisticReg,Swine,Swine,119
M2_ion_channel,strain_only,RandomForest,Avian,Avian,58
M2_ion_channel,strain_only,RandomForest,Avian,Human,0
M2_ion_channel,strain_only,RandomForest,Avian,Swine,5
M2_ion_channel,strain_only,RandomForest,Human,Avian,28
M2_ion_channel,strain_only,RandomForest,Human,Human,0
M2_ion_channel,strain_only,RandomForest,Human,Swine,127
M2_ion_channel,strain_only,RandomForest,Swine,Avian,4
M2_ion_channel,strain_only,RandomForest,Swine,Human,0
M2_ion_channel,strain_only,RandomForest,Swine,Swine,90
M2_ion_channel,strain_only,LogisticReg,Avian,Avian,58
M2_ion_channel,strain_only,LogisticReg,Avian,Human,0
M2_ion_channel,strain_only,LogisticReg,Avian,Swine,5
M2_ion_channel,strain_only,LogisticReg,Human,Avian,28
M2_ion_channel,strain_only,LogisticReg,Human,Human,0
M2_ion_channel,strain_only,LogisticReg,Human,Swine,127
M2_ion_channel,strain_only,LogisticReg,Swine,Avian,4
M2_ion_channel,strain_only,LogisticReg,Swine,Human,0
M2_ion_channel,strain_only,LogisticReg,Swine,Swine,90
M2_ion_channel,ptm_all,RandomForest,Avian,Avian,33
M2_ion_channel,ptm_all,RandomForest,Avian,Human,28
M2_ion_channel,ptm_all,RandomForest,Avian,Swine,2
M2_ion_channel,ptm_all,RandomForest,Human,Avian,15
M2_ion_channel,ptm_all,RandomForest,Human,Human,135
M2_ion_channel,ptm_all,RandomForest,Human,Swine,5
M2_ion_channel,ptm_all,RandomForest,Swine,Avian,3
M2_ion_channel,ptm_all,RandomForest,Swine,Human,71
M2_ion_channel,ptm_all,RandomForest,Swine,Swine,20
M2_ion_channel,ptm_plus_strain_all,RandomForest,Avian,Avian,52
M2_ion_channel,ptm_plus_strain_all,RandomForest,Avian,Human,10
M2_ion_channel,ptm_plus_strain_all,RandomForest,Avian,Swine,1
M2_ion_channel,ptm_plus_strain_all,RandomForest,Human,Avian,16
M2_ion_channel,ptm_plus_strain_all,RandomForest,Human,Human,136
M2_ion_channel,ptm_plus_strain_all,RandomForest,Human,Swine,3
M2_ion_channel,ptm_plus_strain_all,RandomForest,Swine,Avian,3
M2_ion_channel,ptm_plus_strain_all,RandomForest,Swine,Human,70
M2_ion_channel,ptm_plus_strain_all,RandomForest,Swine,Swine,21
M2_ion_channel,ptm_all,LogisticReg,Avian,Avian,33
M2_ion_channel,ptm_all,LogisticReg,Avian,Human,25
M2_ion_channel,ptm_all,LogisticReg,Avian,Swine,5
M2_ion_channel,ptm_all,LogisticReg,Human,Avian,15
M2_ion_channel,ptm_all,LogisticReg,Human,Human,107
M2_ion_channel,ptm_all,LogisticReg,Human,Swine,33
M2_ion_channel,ptm_all,LogisticReg,Swine,Avian,3
M2_ion_channel,ptm_all,LogisticReg,Swine,Human,57
M2_ion_channel,ptm_all,LogisticReg,Swine,Swine,34
M2_ion_channel,ptm_plus_strain_all,LogisticReg,Avian,Avian,53
M2_ion_channel,ptm_plus_strain_all,LogisticReg,Avian,Human,7
M2_ion_channel,ptm_plus_strain_all,LogisticReg,Avian,Swine,3
M2_ion_channel,ptm_plus_strain_all,LogisticReg,Human,Avian,17
M2_ion_channel,ptm_plus_strain_all,LogisticReg,Human,Human,63
M2_ion_channel,ptm_plus_strain_all,LogisticReg,Human,Swine,75
M2_ion_channel,ptm_plus_strain_all,LogisticReg,Swine,Avian,3
M2_ion_channel,ptm_plus_strain_all,LogisticReg,Swine,Human,34
M2_ion_channel,ptm_plus_strain_all,LogisticReg,Swine,Swine,57
M2_ion_channel,ptm_slow,RandomForest,Avian,Avian,15
M2_ion_channel,ptm_slow,RandomForest,Avian,Human,7
M2_ion_channel,ptm_slow,RandomForest,Avian,Swine,41
M2_ion_channel,ptm_slow,RandomForest,Human,Avian,7
M2_ion_channel,ptm_slow,RandomForest,Human,Human,12
M2_ion_channel,ptm_slow,RandomForest,Human,Swine,136
M2_ion_channel,ptm_slow,RandomForest,Swine,Avian,0
M2_ion_channel,ptm_slow,RandomForest,Swine,Human,0
M2_ion_channel,ptm_slow,RandomForest,Swine,Swine,94
M2_ion_channel,ptm_plus_strain_slow,RandomForest,Avian,Avian,53
M2_ion_channel,ptm_plus_strain_slow,RandomForest,Avian,Human,5
M2_ion_channel,ptm_plus_strain_slow,RandomForest,Avian,Swine,5
M2_ion_channel,ptm_plus_strain_slow,RandomForest,Human,Avian,10
M2_ion_channel,ptm_plus_strain_slow,RandomForest,Human,Human,18
M2_ion_channel,ptm_plus_strain_slow,RandomForest,Human,Swine,127
M2_ion_channel,ptm_plus_strain_slow,RandomForest,Swine,Avian,2
M2_ion_channel,ptm_plus_strain_slow,RandomForest,Swine,Human,0
M2_ion_channel,ptm_plus_strain_slow,RandomForest,Swine,Swine,92
M2_ion_channel,ptm_slow,LogisticReg,Avian,Avian,15
M2_ion_channel,ptm_slow,LogisticReg,Avian,Human,7
M2_ion_channel,ptm_slow,LogisticReg,Avian,Swine,41
M2_ion_channel,ptm_slow,LogisticReg,Human,Avian,7
M2_ion_channel,ptm_slow,LogisticReg,Human,Human,12
M2_ion_channel,ptm_slow,LogisticReg,Human,Swine,136
M2_ion_channel,ptm_slow,LogisticReg,Swine,Avian,0
M2_ion_channel,ptm_slow,LogisticReg,Swine,Human,0
M2_ion_channel,ptm_slow,LogisticReg,Swine,Swine,94
M2_ion_channel,ptm_plus_strain_slow,LogisticReg,Avian,Avian,53
M2_ion_channel,ptm_plus_strain_slow,LogisticReg,Avian,Human,5
M2_ion_channel,ptm_plus_strain_slow,LogisticReg,Avian,Swine,5
M2_ion_channel,ptm_plus_strain_slow,LogisticReg,Human,Avian,16
M2_ion_channel,ptm_plus_strain_slow,LogisticReg,Human,Human,12
M2_ion_channel,ptm_plus_strain_slow,LogisticReg,Human,Swine,127
M2_ion_channel,ptm_plus_strain_slow,LogisticReg,Swine,Avian,2
M2_ion_channel,ptm_plus_strain_slow,LogisticReg,Swine,Human,0
M2_ion_channel,ptm_plus_strain_slow,LogisticReg,Swine,Swine,92
NS1_protein,strain_only,RandomForest,Avian,Avian,65
NS1_protein,strain_only,RandomForest,Avian,Human,0
NS1_protein,strain_only,RandomForest,Avian,Swine,6
NS1_protein,strain_only,RandomForest,Human,Avian,33
NS1_protein,strain_only,RandomForest,Human,Human,0
NS1_protein,strain_only,RandomForest,Human,Swine,113
NS1_protein,strain_only,RandomForest,Swine,Avian,3
NS1_protein,strain_only,RandomForest,Swine,Human,0
NS1_protein,strain_only,RandomForest,Swine,Swine,60
NS1_protein,strain_only,LogisticReg,Avian,Avian,65
NS1_protein,strain_only,LogisticReg,Avian,Human,0
NS1_protein,strain_only,LogisticReg,Avian,Swine,6
NS1_protein,strain_only,LogisticReg,Human,Avian,33
NS1_protein,strain_only,LogisticReg,Human,Human,0
NS1_protein,strain_only,LogisticReg,Human,Swine,113
NS1_protein,strain_only,LogisticReg,Swine,Avian,3
NS1_protein,strain_only,LogisticReg,Swine,Human,0
NS1_protein,strain_only,LogisticReg,Swine,Swine,60
NS1_protein,ptm_all,RandomForest,Avian,Avian,61
NS1_protein,ptm_all,RandomForest,Avian,Human,9
NS1_protein,ptm_all,RandomForest,Avian,Swine,1
NS1_protein,ptm_all,RandomForest,Human,Avian,16
NS1_protein,ptm_all,RandomForest,Human,Human,126
NS1_protein,ptm_all,RandomForest,Human,Swine,4
NS1_protein,ptm_all,RandomForest,Swine,Avian,4
NS1_protein,ptm_all,RandomForest,Swine,Human,28
NS1_protein,ptm_all,RandomForest,Swine,Swine,31
NS1_protein,ptm_plus_strain_all,RandomForest,Avian,Avian,62
NS1_protein,ptm_plus_strain_all,RandomForest,Avian,Human,9
NS1_protein,ptm_plus_strain_all,RandomForest,Avian,Swine,0
NS1_protein,ptm_plus_strain_all,RandomForest,Human,Avian,18
NS1_protein,ptm_plus_strain_all,RandomForest,Human,Human,124
NS1_protein,ptm_plus_strain_all,RandomForest,Human,Swine,4
NS1_protein,ptm_plus_strain_all,RandomForest,Swine,Avian,3
NS1_protein,ptm_plus_strain_all,RandomForest,Swine,Human,28
NS1_protein,ptm_plus_strain_all,RandomForest,Swine,Swine,32
NS1_protein,ptm_all,LogisticReg,Avian,Avian,62
NS1_protein,ptm_all,LogisticReg,Avian,Human,9
NS1_protein,ptm_all,LogisticReg,Avian,Swine,0
NS1_protein,ptm_all,LogisticReg,Human,Avian,15
NS1_protein,ptm_all,LogisticReg,Human,Human,122
NS1_protein,ptm_all,LogisticReg,Human,Swine,9
NS1_protein,ptm_all,LogisticReg,Swine,Avian,4
NS1_protein,ptm_all,LogisticReg,Swine,Human,29
NS1_protein,ptm_all,LogisticReg,Swine,Swine,30
NS1_protein,ptm_plus_strain_all,LogisticReg,Avian,Avian,62
NS1_protein,ptm_plus_strain_all,LogisticReg,Avian,Human,9
NS1_protein,ptm_plus_strain_all,LogisticReg,Avian,Swine,0
NS1_protein,ptm_plus_strain_all,LogisticReg,Human,Avian,17
NS1_protein,ptm_plus_strain_all,LogisticReg,Human,Human,123
NS1_protein,ptm_plus_strain_all,LogisticReg,Human,Swine,6
NS1_protein,ptm_plus_strain_all,LogisticReg,Swine,Avian,3
NS1_protein,ptm_plus_strain_all,LogisticReg,Swine,Human,29
NS1_protein,ptm_plus_strain_all,LogisticReg,Swine,Swine,31
NS1_protein,ptm_slow,RandomForest,Avian,Avian,42
NS1_protein,ptm_slow,RandomForest,Avian,Human,16
NS1_protein,ptm_slow,RandomForest,Avian,Swine,13
NS1_protein,ptm_slow,RandomForest,Human,Avian,21
NS1_protein,ptm_slow,RandomForest,Human,Human,52
NS1_protein,ptm_slow,RandomForest,Human,Swine,73
NS1_protein,ptm_slow,RandomForest,Swine,Avian,13
NS1_protein,ptm_slow,RandomForest,Swine,Human,21
NS1_protein,ptm_slow,RandomForest,Swine,Swine,29
NS1_protein,ptm_plus_strain_slow,RandomForest,Avian,Avian,63
NS1_protein,ptm_plus_strain_slow,RandomForest,Avian,Human,8
NS1_protein,ptm_plus_strain_slow,RandomForest,Avian,Swine,0
NS1_protein,ptm_plus_strain_slow,RandomForest,Human,Avian,19
NS1_protein,ptm_plus_strain_slow,RandomForest,Human,Human,127
NS1_protein,ptm_plus_strain_slow,RandomForest,Human,Swine,0
NS1_protein,ptm_plus_strain_slow,RandomForest,Swine,Avian,3
NS1_protein,ptm_plus_strain_slow,RandomForest,Swine,Human,48
NS1_protein,ptm_plus_strain_slow,RandomForest,Swine,Swine,12
NS1_protein,ptm_slow,LogisticReg,Avian,Avian,44
NS1_protein,ptm_slow,LogisticReg,Avian,Human,6
NS1_protein,ptm_slow,LogisticReg,Avian,Swine,21
NS1_protein,ptm_slow,LogisticReg,Human,Avian,32
NS1_protein,ptm_slow,LogisticReg,Human,Human,0
NS1_protein,ptm_slow,LogisticReg,Human,Swine,114
NS1_protein,ptm_slow,LogisticReg,Swine,Avian,13
NS1_protein,ptm_slow,LogisticReg,Swine,Human,0
NS1_protein,ptm_slow,LogisticReg,Swine,Swine,50
NS1_protein,ptm_plus_strain_slow,LogisticReg,Avian,Avian,63
NS1_protein,ptm_plus_strain_slow,LogisticReg,Avian,Human,7
NS1_protein,ptm_plus_strain_slow,LogisticReg,Avian,Swine,1
NS1_protein,ptm_plus_strain_slow,LogisticReg,Human,Avian,31
NS1_protein,ptm_plus_strain_slow,LogisticReg,Human,Human,2
NS1_protein,ptm_plus_strain_slow,LogisticReg,Human,Swine,113
NS1_protein,ptm_plus_strain_slow,LogisticReg,Swine,Avian,3
NS1_protein,ptm_plus_strain_slow,LogisticReg,Swine,Human,0
NS1_protein,ptm_plus_strain_slow,LogisticReg,Swine,Swine,60
NEP_protein,strain_only,RandomForest,Avian,Avian,58
NEP_protein,strain_only,RandomForest,Avian,Human,0
NEP_protein,strain_only,RandomForest,Avian,Swine,4
NEP_protein,strain_only,RandomForest,Human,Avian,31
NEP_protein,strain_only,RandomForest,Human,Human,0
NEP_protein,strain_only,RandomForest,Human,Swine,93
NEP_protein,strain_only,RandomForest,Swine,Avian,4
NEP_protein,strain_only,RandomForest,Swine,Human,0
NEP_protein,strain_only,RandomForest,Swine,Swine,74
NEP_protein,strain_only,LogisticReg,Avian,Avian,58
NEP_protein,strain_only,LogisticReg,Avian,Human,0
NEP_protein,strain_only,LogisticReg,Avian,Swine,4
NEP_protein,strain_only,LogisticReg,Human,Avian,31
NEP_protein,strain_only,LogisticReg,Human,Human,0
NEP_protein,strain_only,LogisticReg,Human,Swine,93
NEP_protein,strain_only,LogisticReg,Swine,Avian,4
NEP_protein,strain_only,LogisticReg,Swine,Human,0
NEP_protein,strain_only,LogisticReg,Swine,Swine,74
NEP_protein,ptm_all,RandomForest,Avian,Avian,62
NEP_protein,ptm_all,RandomForest,Avian,Human,0
NEP_protein,ptm_all,RandomForest,Avian,Swine,0
NEP_protein,ptm_all,RandomForest,Human,Avian,39
NEP_protein,ptm_all,RandomForest,Human,Human,85
NEP_protein,ptm_all,RandomForest,Human,Swine,0
NEP_protein,ptm_all,RandomForest,Swine,Avian,44
NEP_protein,ptm_all,RandomForest,Swine,Human,34
NEP_protein,ptm_all,RandomForest,Swine,Swine,0
NEP_protein,ptm_plus_strain_all,RandomForest,Avian,Avian,58
NEP_protein,ptm_plus_strain_all,RandomForest,Avian,Human,0
NEP_protein,ptm_plus_strain_all,RandomForest,Avian,Swine,4
NEP_protein,ptm_plus_strain_all,RandomForest,Human,Avian,30
NEP_protein,ptm_plus_strain_all,RandomForest,Human,Human,85
NEP_protein,ptm_plus_strain_all,RandomForest,Human,Swine,9
NEP_protein,ptm_plus_strain_all,RandomForest,Swine,Avian,4
NEP_protein,ptm_plus_strain_all,RandomForest,Swine,Human,34
NEP_protein,ptm_plus_strain_all,RandomForest,Swine,Swine,40
NEP_protein,ptm_all,LogisticReg,Avian,Avian,62
NEP_protein,ptm_all,LogisticReg,Avian,Human,0
NEP_protein,ptm_all,LogisticReg,Avian,Swine,0
NEP_protein,ptm_all,LogisticReg,Human,Avian,39
NEP_protein,ptm_all,LogisticReg,Human,Human,85
NEP_protein,ptm_all,LogisticReg,Human,Swine,0
NEP_protein,ptm_all,LogisticReg,Swine,Avian,44
NEP_protein,ptm_all,LogisticReg,Swine,Human,34
NEP_protein,ptm_all,LogisticReg,Swine,Swine,0
NEP_protein,ptm_plus_strain_all,LogisticReg,Avian,Avian,58
NEP_protein,ptm_plus_strain_all,LogisticReg,Avian,Human,0
NEP_protein,ptm_plus_strain_all,LogisticReg,Avian,Swine,4
NEP_protein,ptm_plus_strain_all,LogisticReg,Human,Avian,30
NEP_protein,ptm_plus_strain_all,LogisticReg,Human,Human,85
NEP_protein,ptm_plus_strain_all,LogisticReg,Human,Swine,9
NEP_protein,ptm_plus_strain_all,LogisticReg,Swine,Avian,4
NEP_protein,ptm_plus_strain_all,LogisticReg,Swine,Human,34
NEP_protein,ptm_plus_strain_all,LogisticReg,Swine,Swine,40
HA_full,strain_only,RandomForest,Avian,Avian,135
HA_full,strain_only,RandomForest,Avian,Human,0
HA_full,strain_only,RandomForest,Avian,Swine,6
HA_full,strain_only,RandomForest,Human,Avian,34
HA_full,strain_only,RandomForest,Human,Human,0
HA_full,strain_only,RandomForest,Human,Swine,340
HA_full,strain_only,RandomForest,Swine,Avian,4
HA_full,strain_only,RandomForest,Swine,Human,0
HA_full,strain_only,RandomForest,Swine,Swine,94
HA_full,strain_only,LogisticReg,Avian,Avian,135
HA_full,strain_only,LogisticReg,Avian,Human,0
HA_full,strain_only,LogisticReg,Avian,Swine,6
HA_full,strain_only,LogisticReg,Human,Avian,34
HA_full,strain_only,LogisticReg,Human,Human,0
HA_full,strain_only,LogisticReg,Human,Swine,340
HA_full,strain_only,LogisticReg,Swine,Avian,4
HA_full,strain_only,LogisticReg,Swine,Human,0
HA_full,strain_only,LogisticReg,Swine,Swine,94
HA_full,ptm_all,RandomForest,Avian,Avian,138
HA_full,ptm_all,RandomForest,Avian,Human,2
HA_full,ptm_all,RandomForest,Avian,Swine,1
HA_full,ptm_all,RandomForest,Human,Avian,28
HA_full,ptm_all,RandomForest,Human,Human,344
HA_full,ptm_all,RandomForest,Human,Swine,2
HA_full,ptm_all,RandomForest,Swine,Avian,4
HA_full,ptm_all,RandomForest,Swine,Human,39
HA_full,ptm_all,RandomForest,Swine,Swine,55
HA_full,ptm_plus_strain_all,RandomForest,Avian,Avian,138
HA_full,ptm_plus_strain_all,RandomForest,Avian,Human,2
HA_full,ptm_plus_strain_all,RandomForest,Avian,Swine,1
HA_full,ptm_plus_strain_all,RandomForest,Human,Avian,28
HA_full,ptm_plus_strain_all,RandomForest,Human,Human,344
HA_full,ptm_plus_strain_all,RandomForest,Human,Swine,2
HA_full,ptm_plus_strain_all,RandomForest,Swine,Avian,4
HA_full,ptm_plus_strain_all,RandomForest,Swine,Human,37
HA_full,ptm_plus_strain_all,RandomForest,Swine,Swine,57
HA_full,ptm_all,LogisticReg,Avian,Avian,138
HA_full,ptm_all,LogisticReg,Avian,Human,1
HA_full,ptm_all,LogisticReg,Avian,Swine,2
HA_full,ptm_all,LogisticReg,Human,Avian,31
HA_full,ptm_all,LogisticReg,Human,Human,314
HA_full,ptm_all,LogisticReg,Human,Swine,29
HA_full,ptm_all,LogisticReg,Swine,Avian,4
HA_full,ptm_all,LogisticReg,Swine,Human,39
HA_full,ptm_all,LogisticReg,Swine,Swine,55
HA_full,ptm_plus_strain_all,LogisticReg,Avian,Avian,138
HA_full,ptm_plus_strain_all,LogisticReg,Avian,Human,1
HA_full,ptm_plus_strain_all,LogisticReg,Avian,Swine,2
HA_full,ptm_plus_strain_all,LogisticReg,Human,Avian,31
HA_full,ptm_plus_strain_all,LogisticReg,Human,Human,314
HA_full,ptm_plus_strain_all,LogisticReg,Human,Swine,29
HA_full,ptm_plus_strain_all,LogisticReg,Swine,Avian,4
HA_full,ptm_plus_strain_all,LogisticReg,Swine,Human,39
HA_full,ptm_plus_strain_all,LogisticReg,Swine,Swine,55
HA_full,ptm_fast,RandomForest,Avian,Avian,140
HA_full,ptm_fast,RandomForest,Avian,Human,1
HA_full,ptm_fast,RandomForest,Avian,Swine,0
HA_full,ptm_fast,RandomForest,Human,Avian,329
HA_full,ptm_fast,RandomForest,Human,Human,45
HA_full,ptm_fast,RandomForest,Human,Swine,0
HA_full,ptm_fast,RandomForest,Swine,Avian,90
HA_full,ptm_fast,RandomForest,Swine,Human,8
HA_full,ptm_fast,RandomForest,Swine,Swine,0
HA_full,ptm_plus_strain_fast,RandomForest,Avian,Avian,135
HA_full,ptm_plus_strain_fast,RandomForest,Avian,Human,0
HA_full,ptm_plus_strain_fast,RandomForest,Avian,Swine,6
HA_full,ptm_plus_strain_fast,RandomForest,Human,Avian,34
HA_full,ptm_plus_strain_fast,RandomForest,Human,Human,45
HA_full,ptm_plus_strain_fast,RandomForest,Human,Swine,295
HA_full,ptm_plus_strain_fast,RandomForest,Swine,Avian,4
HA_full,ptm_plus_strain_fast,RandomForest,Swine,Human,8
HA_full,ptm_plus_strain_fast,RandomForest,Swine,Swine,86
HA_full,ptm_fast,LogisticReg,Avian,Avian,140
HA_full,ptm_fast,LogisticReg,Avian,Human,1
HA_full,ptm_fast,LogisticReg,Avian,Swine,0
HA_full,ptm_fast,LogisticReg,Human,Avian,329
HA_full,ptm_fast,LogisticReg,Human,Human,45
HA_full,ptm_fast,LogisticReg,Human,Swine,0
HA_full,ptm_fast,LogisticReg,Swine,Avian,90
HA_full,ptm_fast,LogisticReg,Swine,Human,8
HA_full,ptm_fast,LogisticReg,Swine,Swine,0
HA_full,ptm_plus_strain_fast,LogisticReg,Avian,Avian,135
HA_full,ptm_plus_strain_fast,LogisticReg,Avian,Human,0
HA_full,ptm_plus_strain_fast,LogisticReg,Avian,Swine,6
HA_full,ptm_plus_strain_fast,LogisticReg,Human,Avian,34
HA_full,ptm_plus_strain_fast,LogisticReg,Human,Human,45
HA_full,ptm_plus_strain_fast,LogisticReg,Human,Swine,295
HA_full,ptm_plus_strain_fast,LogisticReg,Swine,Avian,4
HA_full,ptm_plus_strain_fast,LogisticReg,Swine,Human,8
HA_full,ptm_plus_strain_fast,LogisticReg,Swine,Swine,86
HA_full,ptm_slow,RandomForest,Avian,Avian,141
HA_full,ptm_slow,RandomForest,Avian,Human,0
HA_full,ptm_slow,RandomForest,Avian,Swine,0
HA_full,ptm_slow,RandomForest,Human,Avian,363
HA_full,ptm_slow,RandomForest,Human,Human,7
HA_full,ptm_slow,RandomForest,Human,Swine,4
HA_full,ptm_slow,RandomForest,Swine,Avian,83
HA_full,ptm_slow,RandomForest,Swine,Human,1
HA_full,ptm_slow,RandomForest,Swine,Swine,14
HA_full,ptm_plus_strain_slow,RandomForest,Avian,Avian,135
HA_full,ptm_plus_strain_slow,RandomForest,Avian,Human,6
HA_full,ptm_plus_strain_slow,RandomForest,Avian,Swine,0
HA_full,ptm_plus_strain_slow,RandomForest,Human,Avian,34
HA_full,ptm_plus_strain_slow,RandomForest,Human,Human,336
HA_full,ptm_plus_strain_slow,RandomForest,Human,Swine,4
HA_full,ptm_plus_strain_slow,RandomForest,Swine,Avian,4
HA_full,ptm_plus_strain_slow,RandomForest,Swine,Human,80
HA_full,ptm_plus_strain_slow,RandomForest,Swine,Swine,14
HA_full,ptm_slow,LogisticReg,Avian,Avian,141
HA_full,ptm_slow,LogisticReg,Avian,Human,0
HA_full,ptm_slow,LogisticReg,Avian,Swine,0
HA_full,ptm_slow,LogisticReg,Human,Avian,363
HA_full,ptm_slow,LogisticReg,Human,Human,7
HA_full,ptm_slow,LogisticReg,Human,Swine,4
HA_full,ptm_slow,LogisticReg,Swine,Avian,83
HA_full,ptm_slow,LogisticReg,Swine,Human,1
HA_full,ptm_slow,LogisticReg,Swine,Swine,14
HA_full,ptm_plus_strain_slow,LogisticReg,Avian,Avian,135
HA_full,ptm_plus_strain_slow,LogisticReg,Avian,Human,6
HA_full,ptm_plus_strain_slow,LogisticReg,Avian,Swine,0
HA_full,ptm_plus_strain_slow,LogisticReg,Human,Avian,34
HA_full,ptm_plus_strain_slow,LogisticReg,Human,Human,336
HA_full,ptm_plus_strain_slow,LogisticReg,Human,Swine,4
HA_full,ptm_plus_strain_slow,LogisticReg,Swine,Avian,4
HA_full,ptm_plus_strain_slow,LogisticReg,Swine,Human,80
HA_full,ptm_plus_strain_slow,LogisticReg,Swine,Swine,14
