protein,site_idx,orig_pos,rate,rate_class,source
PB2_polymerase,4,33,0.0469,fast,paper_table
PB2_polymerase,20,514,0.0480,fast,paper_table
PB2_polymerase,38,741,0.0449,fast,paper_table
PB1-F2_protein,7,22,0.0569,slow,paper_table
PB1-F2_protein,8,23,0.0601,slow,paper_table
PB1-F2_protein,12,42,0.0558,slow,paper_table
PB1_polymerase,1,4,0.0335,slow,paper_table
PB1_polymerase,8,398,0.0329,slow,paper_table
PB1_polymerase,13,504,0.0316,slow,paper_table
PB1_polymerase,14,518,0.0272,slow,paper_table
PB1_polymerase,23,736,0.0323,slow,paper_table
PA_polymerase,13,241,0.0556,fast,paper_table
PA_polymerase,25,386,0.0655,fast,paper_table
PA-X_protein,2,96,0.0690,slow,paper_table
PA-X_protein,4,193,0.0696,slow,paper_table
PA-X_protein,11,245,0.0699,slow,paper_table
HA_full,36,182,0.0478,fast,paper_table
HA_full,77,570,0.1602,fast,paper_table
HA_full,9,56,0.0093,slow,paper_table
HA_full,24,143,0.0089,slow,paper_table
HA_full,51,281,0.00946,slow,paper_table
HA_full,73,519,0.009378,slow,paper_table
NP_protein,13,373,0.0730,fast,paper_table
NP_protein,15,376,0.0593,fast,paper_table
NA_neuraminidase,33,287,0.1051,fast,paper_table
NA_neuraminidase,53,453,0.1129,fast,paper_table
M1_matrix_protein,6,158,0.1063,slow,paper_table
M2_ion_channel,4,18,0.0779,slow,paper_table
M2_ion_channel,8,64,0.0747,slow,paper_table
NS1_protein,5,49,0.0303,slow,paper_table
NS1_protein,13,127,0.0332,slow,paper_table
NS1_protein,15,143,0.0350,slow,paper_table
NS1_protein,17,163,0.0341,slow,paper_table
NS1_protein,18,165,0.0351,slow,paper_table
